ID_PARCEL;SURF_PARC;CODE_CULTU;CODE_GROUP;TYPE;ID_EXPL;EPAIS;MAXSTORAGE;RU;ARGILE;LIMON;SABLE;CONDHYDRO;FILTSOIL;TYPESOIL;CODE_ASA;ID_CULTU;ID_TYPE;ID_TYPESOI;ID_ASA;ID_FARM;CLASS_CULT
379236;0,52;AVP;4;Gravitaire;005-16913;36,0;154,0;41,7;25,3;39,8;34,9;14860,7;0;LIMON;A0501002;9;1;1;1;16;6
369176;0,55;TTH;4;Gravitaire;005-16757;36,0;154,0;41,7;25,3;39,8;34,9;14860,7;0;LIMON;A0501002;35;1;1;1;14;8
369297;0,19;PRL;18;Gravitaire;005-16757;36,0;154,0;41,7;25,3;39,8;34,9;14860,7;0;LIMON;A0501002;150;1;1;1;14;4
369279;1,06;BTH;1;Gravitaire;005-16757;36,0;154,0;41,7;25,3;39,8;34,9;14860,7;0;LIMON;A0501002;1;1;1;1;14;8
369386;0,37;PRL;18;Gravitaire;005-16757;36,0;154,0;41,7;25,3;39,8;34,9;14860,7;0;LIMON;A0501002;150;1;1;1;14;4
369276;0,22;TTH;4;Gravitaire;005-16757;36,0;154,0;41,7;25,3;39,8;34,9;14860,7;0;LIMON;A0501002;35;1;1;1;14;8
369185;0,41;AVP;4;Gravitaire;005-16757;36,0;154,0;41,7;25,3;39,8;34,9;14860,7;0;LIMON;A0501002;9;1;1;1;14;6
369290;0,36;BTH;1;Gravitaire;005-16757;36,0;154,0;41,7;25,3;39,8;34,9;14860,7;0;LIMON;A0501002;1;1;1;1;14;8
417445;0,81;SA6;16;Gravitaire;005-15820;36,0;154,0;41,7;25,3;39,8;34,9;14860,7;0;LIMON;A0501002;130;1;1;1;6;2
379148;0,36;PPH;18;Gravitaire;005-16913;36,0;154,0;41,7;25,3;39,8;34,9;14860,7;0;LIMON;A0501002;149;1;1;1;16;4
379149;0,44;BOP;17;Gravitaire;005-16913;36,0;154,0;41,7;25,3;39,8;34,9;14860,7;0;LIMON;A0501002;146;1;1;1;16;1
377143;0,17;AVH;4;Gravitaire;005-16913;36,0;154,0;41,7;25,3;39,8;34,9;14860,7;0;LIMON;A0501002;8;1;1;1;16;8
369369;0,39;PRL;18;Gravitaire;005-16757;36,0;154,0;41,7;25,3;39,8;34,9;14860,7;0;LIMON;A0501002;150;1;1;1;14;4
417438;0,54;PPH;18;Gravitaire;005-16913;36,0;154,0;41,7;25,3;39,8;34,9;14860,7;0;LIMON;A0501002;149;1;1;1;16;4
379159;0,46;PPH;18;Gravitaire;005-16913;36,0;154,0;41,7;25,3;39,8;34,9;14860,7;0;LIMON;A0501002;149;1;1;1;16;4
377156;0,97;PTR;19;Gravitaire;005-16913;36,0;154,0;41,7;25,3;39,8;34,9;14860,7;0;LIMON;A0501002;151;1;1;1;16;4
377354;0,17;PRL;18;Gravitaire;005-15487;36,0;154,0;41,7;25,3;39,8;34,9;14860,7;0;LIMON;A0501002;150;1;1;1;3;4
417443;0,55;BTH;1;Gravitaire;005-16479;36,0;154,0;41,7;25,3;39,8;34,9;14860,7;0;LIMON;A0501002;1;1;1;1;12;8
417444;0,39;PPH;18;Gravitaire;005-16479;36,0;154,0;41,7;25,3;39,8;34,9;14860,7;0;LIMON;A0501002;149;1;1;1;12;4
377161;0,6;BTH;1;Gravitaire;005-16913;36,0;154,0;41,7;25,3;39,8;34,9;14860,7;0;LIMON;A0501002;1;1;1;1;16;8
379147;0,14;PRL;18;Gravitaire;005-16913;36,0;154,0;41,7;25,3;39,8;34,9;14860,7;0;LIMON;A0501002;150;1;1;1;16;4
377158;0,2;BTH;1;Gravitaire;005-16913;36,0;154,0;41,7;25,3;39,8;34,9;14860,7;0;LIMON;A0501002;1;1;1;1;16;8
377342;0,4;SA6;16;Gravitaire;005-16913;36,0;154,0;41,7;25,3;39,8;34,9;14860,7;0;LIMON;A0501002;130;1;1;1;16;2
417448;0,45;BTH;1;Gravitaire;005-16913;36,0;154,0;41,7;25,3;39,8;34,9;14860,7;0;LIMON;A0501002;1;1;1;1;16;8
377339;0,6;SA6;16;Gravitaire;005-16465;36,0;154,0;41,7;25,3;39,8;34,9;14860,7;0;LIMON;A0501002;130;1;1;1;11;2
417367;0,52;PRL;18;Gravitaire;005-16913;36,0;154,0;41,7;25,3;39,8;34,9;14860,7;0;LIMON;A0501002;150;1;1;1;16;4
376888;1,01;AVH;4;Gravitaire;005-16913;36,0;154,0;41,7;25,3;39,8;34,9;14860,7;0;LIMON;A0501002;8;1;1;1;16;8
365760;0,65;MIS;2;Gravitaire;005-16292;36,0;154,0;41,7;25,3;39,8;34,9;14860,7;0;LIMON;A0501002;5;1;1;1;10;3
365759;2,18;PWT;20;Gravitaire;005-16292;36,0;154,0;41,7;25,3;39,8;34,9;14860,7;0;LIMON;A0501002;171;1;1;1;10;5
435575;0,18;J5M;11;Gravitaire;005-15733;36,0;154,0;41,7;25,3;39,8;34,9;14860,7;0;LIMON;A0501002;68;1;1;1;5;7
371468;0,23;PPH;18;Gravitaire;005-15733;36,0;154,0;41,7;25,3;39,8;34,9;14860,7;0;LIMON;A0501002;149;1;1;1;5;4
376461;0,77;PRL;18;Gravitaire;005-15476;36,0;154,0;41,7;25,3;39,8;34,9;14860,7;0;LIMON;A0501002;150;1;1;1;2;4
376634;1,64;LU6;16;Gravitaire;005-16479;36,0;154,0;41,7;25,3;39,8;34,9;14860,7;0;LIMON;A0501002;103;1;1;1;12;2
376460;0,88;LUZ;16;Gravitaire;005-16479;36,0;154,0;41,7;25,3;39,8;34,9;14860,7;0;LIMON;A0501002;105;1;1;1;12;2
9472639;1,03;LU6;16;Gravitaire;005-15820;36,0;154,0;41,7;25,3;39,8;34,9;14860,7;0;LIMON;A0501002;103;1;1;1;6;2
376549;2,94;BTP;1;Gravitaire;005-16479;36,0;154,0;41,7;25,3;39,8;34,9;14860,7;0;LIMON;A0501002;2;1;1;1;12;6
376631;1,38;MLG;16;Gravitaire;005-16479;36,0;154,0;41,7;25,3;39,8;34,9;14860,7;0;LIMON;A0501002;118;1;1;1;12;2
376552;0,53;LU6;16;Gravitaire;005-15487;36,0;154,0;41,7;25,3;39,8;34,9;14860,7;0;LIMON;A0501002;103;1;1;1;3;2
376635;0,47;PRL;18;Gravitaire;005-15476;36,0;154,0;41,7;25,3;39,8;34,9;14860,7;0;LIMON;A0501002;150;1;1;1;2;4
376477;0,14;PRL;18;Gravitaire;005-15487;36,0;154,0;41,7;25,3;39,8;34,9;14860,7;0;LIMON;A0501002;150;1;1;1;3;4
376563;0,92;PRL;18;Gravitaire;005-16913;36,0;154,0;41,7;25,3;39,8;34,9;14860,7;0;LIMON;A0501002;150;1;1;1;16;4
9472641;0,49;MLG;16;Gravitaire;005-15895;36,0;154,0;41,7;25,3;39,8;34,9;14860,7;0;LIMON;A0501002;118;1;1;1;7;2
376466;0,53;LU6;16;Gravitaire;005-16479;36,0;154,0;41,7;25,3;39,8;34,9;14860,7;0;LIMON;A0501002;103;1;1;1;12;2
376473;1,02;LUZ;16;Gravitaire;005-16479;36,0;154,0;41,7;25,3;39,8;34,9;14860,7;0;LIMON;A0501002;105;1;1;1;12;2
376472;0,84;VRG;20;Gravitaire;005-16479;36,0;154,0;41,7;25,3;39,8;34,9;14860,7;0;LIMON;A0501002;173;1;1;1;12;5
376554;0,4;LU6;16;Gravitaire;005-16465;36,0;154,0;41,7;25,3;39,8;34,9;14860,7;0;LIMON;A0501002;103;1;1;1;11;2
376557;2,17;PRL;18;Gravitaire;005-15487;36,0;154,0;41,7;25,3;39,8;34,9;14860,7;0;LIMON;A0501002;150;1;1;1;3;4
9472696;1,87;PRL;18;Gravitaire;005-15895;36,0;154,0;41,7;25,3;39,8;34,9;14860,7;0;LIMON;A0501002;150;1;1;1;7;4
9472697;0,59;PRL;18;Gravitaire;005-15487;36,0;154,0;41,7;25,3;39,8;34,9;14860,7;0;LIMON;A0501002;150;1;1;1;3;4
376632;0,44;BTH;1;Gravitaire;005-16757;36,0;154,0;41,7;25,3;39,8;34,9;14860,7;0;LIMON;A0501002;1;1;1;1;14;8
376560;2,24;LUZ;16;Gravitaire;005-16479;36,0;154,0;41,7;25,3;39,8;34,9;14860,7;0;LIMON;A0501002;105;1;1;1;12;2
376636;0,11;PRL;18;Gravitaire;005-16913;36,0;154,0;41,7;25,3;39,8;34,9;14860,7;0;LIMON;A0501002;150;1;1;1;16;4
376624;0,85;BTH;1;Gravitaire;005-15820;36,0;154,0;41,7;25,3;39,8;34,9;14860,7;0;LIMON;A0501002;1;1;1;1;6;8
376550;0,34;LU5;16;Gravitaire;005-15487;36,0;154,0;41,7;25,3;39,8;34,9;14860,7;0;LIMON;A0501002;102;1;1;1;3;2
376556;0,17;PRL;18;Gravitaire;005-15476;36,0;154,0;41,7;25,3;39,8;34,9;14860,7;0;LIMON;A0501002;150;1;1;1;2;4
374947;0,57;PTR;19;Gravitaire;005-15487;36,0;154,0;41,7;25,3;39,8;34,9;14860,7;0;LIMON;A0501002;151;1;1;1;3;4
374936;0,23;PTR;19;Gravitaire;005-15487;36,0;154,0;41,7;25,3;39,8;34,9;14860,7;0;LIMON;A0501002;151;1;1;1;3;4
374948;0,31;PTR;19;Gravitaire;005-15487;36,0;154,0;41,7;25,3;39,8;34,9;14860,7;0;LIMON;A0501002;151;1;1;1;3;4
374954;0,4;PPH;18;Gravitaire;005-15487;36,0;154,0;41,7;25,3;39,8;34,9;14860,7;0;LIMON;A0501002;149;1;1;1;3;4
375024;1,55;PPH;18;Gravitaire;005-15487;36,0;154,0;41,7;25,3;39,8;34,9;14860,7;0;LIMON;A0501002;149;1;1;1;3;4
374955;0,29;PTR;19;Gravitaire;005-15487;36,0;154,0;41,7;25,3;39,8;34,9;14860,7;0;LIMON;A0501002;151;1;1;1;3;4
375026;0,16;PTR;19;Gravitaire;005-16479;36,0;154,0;41,7;25,3;39,8;34,9;14860,7;0;LIMON;A0501002;151;1;1;1;12;4
374934;0,53;PTR;19;Gravitaire;005-15487;36,0;154,0;41,7;25,3;39,8;34,9;14860,7;0;LIMON;A0501002;151;1;1;1;3;4
9468912;0,25;PPH;18;Gravitaire;005-15487;36,0;154,0;41,7;25,3;39,8;34,9;14860,7;0;LIMON;A0501002;149;1;1;1;3;4
374943;0,7;PPH;18;Gravitaire;005-15487;36,0;154,0;41,7;25,3;39,8;34,9;14860,7;0;LIMON;A0501002;149;1;1;1;3;4
374939;0,27;PTR;19;Gravitaire;005-15487;36,0;154,0;41,7;25,3;39,8;34,9;14860,7;0;LIMON;A0501002;151;1;1;1;3;4
374945;0,36;PTR;19;Gravitaire;005-15487;36,0;154,0;41,7;25,3;39,8;34,9;14860,7;0;LIMON;A0501002;151;1;1;1;3;4
374949;1,53;PTR;19;Gravitaire;005-15487;36,0;154,0;41,7;25,3;39,8;34,9;14860,7;0;LIMON;A0501002;151;1;1;1;3;4
374956;0,21;PPH;18;Gravitaire;005-15487;36,0;154,0;41,7;25,3;39,8;34,9;14860,7;0;LIMON;A0501002;149;1;1;1;3;4
374937;0,28;PTR;19;Gravitaire;005-15487;36,0;154,0;41,7;25,3;39,8;34,9;14860,7;0;LIMON;A0501002;151;1;1;1;3;4
374938;0,11;PTR;19;Gravitaire;005-15487;36,0;154,0;41,7;25,3;39,8;34,9;14860,7;0;LIMON;A0501002;151;1;1;1;3;4
374952;0,8;BTH;1;Gravitaire;005-15487;36,0;154,0;41,7;25,3;39,8;34,9;14860,7;0;LIMON;A0501002;1;1;1;1;3;8
374951;0,35;PPH;18;Gravitaire;005-15487;36,0;154,0;41,7;25,3;39,8;34,9;14860,7;0;LIMON;A0501002;149;1;1;1;3;4
435070;0,16;SNE;28;Gravitaire;005-15487;36,0;154,0;41,7;25,3;39,8;34,9;14860,7;0;LIMON;A0501002;305;1;1;1;3;7
405606;0,48;PPH;18;Gravitaire;005-15895;36,0;154,0;41,7;25,3;39,8;34,9;14860,7;0;LIMON;A0501002;149;1;1;1;7;4
405600;0,4;ORH;3;Gravitaire;005-15487;36,0;154,0;41,7;25,3;39,8;34,9;14860,7;0;LIMON;A0501002;6;1;1;1;3;8
405605;0,63;PPH;18;Gravitaire;005-15487;36,0;154,0;41,7;25,3;39,8;34,9;14860,7;0;LIMON;A0501002;149;1;1;1;3;4
405610;0,56;TTH;4;Gravitaire;005-15895;36,0;154,0;41,7;25,3;39,8;34,9;14860,7;0;LIMON;A0501002;35;1;1;1;7;8
405599;0,87;AVP;4;Gravitaire;005-15895;36,0;154,0;41,7;25,3;39,8;34,9;14860,7;0;LIMON;A0501002;9;1;1;1;7;6
405608;0,36;TTH;4;Gravitaire;005-15895;36,0;154,0;41,7;25,3;39,8;34,9;14860,7;0;LIMON;A0501002;35;1;1;1;7;8
405609;0,37;AVP;4;Gravitaire;005-15895;36,0;154,0;41,7;25,3;39,8;34,9;14860,7;0;LIMON;A0501002;9;1;1;1;7;6
405607;0,71;PPH;18;Gravitaire;005-15487;36,0;154,0;41,7;25,3;39,8;34,9;14860,7;0;LIMON;A0501002;149;1;1;1;3;4
405601;0,3;BTH;1;Gravitaire;005-15895;36,0;154,0;41,7;25,3;39,8;34,9;14860,7;0;LIMON;A0501002;1;1;1;1;7;8
420513;0,41;PTR;19;Gravitaire;005-15820;36,0;154,0;41,7;25,3;39,8;34,9;14860,7;0;LIMON;A0501002;151;1;1;1;6;4
420684;0,44;TR6;16;Gravitaire;005-16757;36,0;154,0;41,7;25,3;39,8;34,9;14860,7;0;LIMON;A0501002;138;1;1;1;14;2
420690;0,25;ORH;3;Gravitaire;005-16465;36,0;154,0;41,7;25,3;39,8;34,9;14860,7;0;LIMON;A0501002;6;1;1;1;11;8
420691;0,54;PPH;18;Gravitaire;005-16465;36,0;154,0;41,7;25,3;39,8;34,9;14860,7;0;LIMON;A0501002;149;1;1;1;11;4
420519;0,91;PPH;18;Gravitaire;005-16465;36,0;154,0;41,7;25,3;39,8;34,9;14860,7;0;LIMON;A0501002;149;1;1;1;11;4
420687;3,4;TR6;16;Gravitaire;005-15487;36,0;154,0;41,7;25,3;39,8;34,9;14860,7;0;LIMON;A0501002;138;1;1;1;3;2
420688;0,24;PPH;18;Gravitaire;005-16465;36,0;154,0;41,7;25,3;39,8;34,9;14860,7;0;LIMON;A0501002;149;1;1;1;11;4
420692;0,79;LU6;16;Gravitaire;005-16465;36,0;154,0;41,7;25,3;39,8;34,9;14860,7;0;LIMON;A0501002;103;1;1;1;11;2
420601;0,45;PPH;18;Gravitaire;005-16465;36,0;154,0;41,7;25,3;39,8;34,9;14860,7;0;LIMON;A0501002;149;1;1;1;11;4
420600;0,8;TR6;16;Gravitaire;005-16465;36,0;154,0;41,7;25,3;39,8;34,9;14860,7;0;LIMON;A0501002;138;1;1;1;11;2
420507;0,16;LU6;16;Gravitaire;005-16465;36,0;154,0;41,7;25,3;39,8;34,9;14860,7;0;LIMON;A0501002;103;1;1;1;11;2
420603;0,15;LU6;16;Gravitaire;005-16465;36,0;154,0;41,7;25,3;39,8;34,9;14860,7;0;LIMON;A0501002;103;1;1;1;11;2
420612;0,39;PTR;19;Gravitaire;005-15487;36,0;154,0;41,7;25,3;39,8;34,9;14860,7;0;LIMON;A0501002;151;1;1;1;3;4
420593;2,31;TR6;16;Gravitaire;005-16465;36,0;154,0;41,7;25,3;39,8;34,9;14860,7;0;LIMON;A0501002;138;1;1;1;11;2
420508;0,25;PTR;19;Gravitaire;005-16465;36,0;154,0;41,7;25,3;39,8;34,9;14860,7;0;LIMON;A0501002;151;1;1;1;11;4
420608;0,72;TR6;16;Gravitaire;005-16913;36,0;154,0;41,7;25,3;39,8;34,9;14860,7;0;LIMON;A0501002;138;1;1;1;16;2
420607;0,45;PPH;18;Gravitaire;005-16465;36,0;154,0;41,7;25,3;39,8;34,9;14860,7;0;LIMON;A0501002;149;1;1;1;11;4
420518;2,33;ORH;3;Gravitaire;005-15487;36,0;154,0;41,7;25,3;39,8;34,9;14860,7;0;LIMON;A0501002;6;1;1;1;3;8
420606;0,55;PPH;18;Gravitaire;005-16465;36,0;154,0;41,7;25,3;39,8;34,9;14860,7;0;LIMON;A0501002;149;1;1;1;11;4
420598;0,83;EPE;4;Gravitaire;005-16465;36,0;154,0;41,7;25,3;39,8;34,9;14860,7;0;LIMON;A0501002;28;1;1;1;11;8
420515;0,13;PTR;19;Gravitaire;005-16465;36,0;154,0;41,7;25,3;39,8;34,9;14860,7;0;LIMON;A0501002;151;1;1;1;11;4
420510;0,26;TR6;16;Gravitaire;005-16465;36,0;154,0;41,7;25,3;39,8;34,9;14860,7;0;LIMON;A0501002;138;1;1;1;11;2
420509;0,58;PPH;18;Gravitaire;005-16465;36,0;154,0;41,7;25,3;39,8;34,9;14860,7;0;LIMON;A0501002;149;1;1;1;11;4
420511;0,26;PTR;19;Gravitaire;005-16465;36,0;154,0;41,7;25,3;39,8;34,9;14860,7;0;LIMON;A0501002;151;1;1;1;11;4
420672;0,86;TR6;16;Gravitaire;005-16465;36,0;154,0;41,7;25,3;39,8;34,9;14860,7;0;LIMON;A0501002;138;1;1;1;11;2
420614;0,61;PPH;18;Gravitaire;005-16465;36,0;154,0;41,7;25,3;39,8;34,9;14860,7;0;LIMON;A0501002;149;1;1;1;11;4
420673;0,14;ORH;3;Gravitaire;005-16465;36,0;154,0;41,7;25,3;39,8;34,9;14860,7;0;LIMON;A0501002;6;1;1;1;11;8
420674;0,16;ORH;3;Gravitaire;005-16465;36,0;154,0;41,7;25,3;39,8;34,9;14860,7;0;LIMON;A0501002;6;1;1;1;11;8
420594;0,19;PTR;19;Gravitaire;005-16465;36,0;154,0;41,7;25,3;39,8;34,9;14860,7;0;LIMON;A0501002;151;1;1;1;11;4
420525;0,24;PTR;19;Gravitaire;005-16465;36,0;154,0;41,7;25,3;39,8;34,9;14860,7;0;LIMON;A0501002;151;1;1;1;11;4
420602;0,77;EPE;4;Gravitaire;005-16465;36,0;154,0;41,7;25,3;39,8;34,9;14860,7;0;LIMON;A0501002;28;1;1;1;11;8
9468153;4,02;AVP;4;0;005-16774;36,0;154,0;41,7;25,3;39,8;34,9;14860,7;0;LIMON;0;9;0;1;0;15;6
9468154;3,13;MCR;4;0;005-16774;36,0;154,0;41,7;25,3;39,8;34,9;14860,7;0;LIMON;0;29;0;1;0;15;8
398739;0,84;PTR;19;0;005-16774;84,9;359,3;86,2;20,9;32,3;46,9;37823,6;1;SABLE;0;151;0;3;0;15;4
365757;0,64;VRG;20;0;005-16292;36,0;154,0;41,7;25,3;39,8;34,9;14860,7;0;LIMON;0;173;0;1;0;10;5
365758;1,44;PWT;20;0;005-16292;36,0;154,0;41,7;25,3;39,8;34,9;14860,7;0;LIMON;0;171;0;1;0;10;5
365761;0,7;VRG;20;0;005-16292;36,0;154,0;41,7;25,3;39,8;34,9;14860,7;0;LIMON;0;173;0;1;0;10;5
395071;1,86;BTH;1;0;005-16269;60,4;238,5;60,7;9,6;38,3;52,1;26587,8;1;SABLE;0;1;0;3;0;9;8
395152;0,53;BTH;1;0;005-16269;60,4;238,5;60,7;9,6;38,3;52,1;26587,8;1;SABLE;0;1;0;3;0;9;8
374944;1,5;EPE;4;0;005-15487;60,4;238,5;60,7;9,6;38,3;52,1;26587,8;1;SABLE;0;28;0;3;0;3;8
375025;1,06;BTH;1;0;005-15487;36,0;154,0;41,7;25,3;39,8;34,9;14860,7;0;LIMON;0;1;0;1;0;3;8
374957;0,99;PPH;18;0;005-15487;60,4;238,5;60,7;9,6;38,3;52,1;26587,8;1;SABLE;0;149;0;3;0;3;4
374953;1,06;PTR;19;0;005-15487;60,4;238,5;60,7;9,6;38,3;52,1;26587,8;1;SABLE;0;151;0;3;0;3;4
374950;0,34;PTR;19;0;005-16913;60,4;238,5;60,7;9,6;38,3;52,1;26587,8;1;SABLE;0;151;0;3;0;16;4
374959;0,12;PPH;18;0;005-15487;36,0;154,0;41,7;25,3;39,8;34,9;14860,7;0;LIMON;0;149;0;1;0;3;4
374942;0,28;PPH;18;0;005-15820;36,0;154,0;41,7;25,3;39,8;34,9;14860,7;0;LIMON;0;149;0;1;0;6;4
374946;0,4;PPH;18;0;005-15487;36,0;154,0;41,7;25,3;39,8;34,9;14860,7;0;LIMON;0;149;0;1;0;3;4
405604;0,73;PRL;18;0;005-15895;36,0;154,0;41,7;25,3;39,8;34,9;14860,7;0;LIMON;0;150;0;1;0;7;4
405602;0,18;PRL;18;0;005-15895;36,0;154,0;41,7;25,3;39,8;34,9;14860,7;0;LIMON;0;150;0;1;0;7;4
405603;0,73;PRL;18;0;005-15895;60,4;238,5;60,7;9,6;38,3;52,1;26587,8;1;SABLE;0;150;0;3;0;7;4
412180;0,5;MLG;16;0;005-16757;84,9;359,3;86,2;20,9;32,3;46,9;37823,6;1;SABLE;0;118;0;3;0;14;2
412430;10,32;PPH;18;0;005-16147;84,9;359,3;86,2;20,9;32,3;46,9;37823,6;1;SABLE;0;149;0;3;0;8;4
412438;1,95;PPH;18;0;005-16147;114,8;576,9;168,0;31,2;53,1;15,7;6253,6;0;LIMON;0;149;0;1;0;8;4
420516;0,19;PTR;19;0;005-16465;36,0;154,0;41,7;25,3;39,8;34,9;14860,7;0;LIMON;0;151;0;1;0;11;4
420609;0,93;TR6;16;0;005-16465;36,0;154,0;41,7;25,3;39,8;34,9;14860,7;0;LIMON;0;138;0;1;0;11;2
420597;0,28;EPE;4;0;005-16465;60,4;238,5;60,7;9,6;38,3;52,1;26587,8;1;SABLE;0;28;0;3;0;11;8
420596;0,09;PTR;19;0;005-16465;60,4;238,5;60,7;9,6;38,3;52,1;26587,8;1;SABLE;0;151;0;3;0;11;4
420675;0,3;EPE;4;0;005-16465;60,4;238,5;60,7;9,6;38,3;52,1;26587,8;1;SABLE;0;28;0;3;0;11;8
420428;0,22;PPH;18;0;005-16465;60,4;238,5;60,7;9,6;38,3;52,1;26587,8;1;SABLE;0;149;0;3;0;11;4
420429;2,29;LU6;16;0;005-16465;36,0;154,0;41,7;25,3;39,8;34,9;14860,7;0;LIMON;0;103;0;1;0;11;2
420590;1,43;LU6;16;0;005-16479;36,0;154,0;41,7;25,3;39,8;34,9;14860,7;0;LIMON;0;103;0;1;0;12;2
420605;0,28;LU6;16;0;005-16465;60,4;238,5;60,7;9,6;38,3;52,1;26587,8;1;SABLE;0;103;0;3;0;11;2
420604;0,51;LU6;16;0;005-16465;36,0;154,0;41,7;25,3;39,8;34,9;14860,7;0;LIMON;0;103;0;1;0;11;2
420611;1,22;LU6;16;0;005-16465;36,0;154,0;41,7;25,3;39,8;34,9;14860,7;0;LIMON;0;103;0;1;0;11;2
420588;1,49;LU6;16;0;005-16465;36,0;154,0;41,7;25,3;39,8;34,9;14860,7;0;LIMON;0;103;0;1;0;11;2
430853;18,08;BOP;17;0;005-15698;44,4;195,8;59,0;27,3;47,8;10,0;3136,2;0;LIMON;0;146;0;1;0;4;1
9471070;182,34;BOP;17;0;005-15698;44,4;195,8;59,0;27,3;47,8;10,0;3136,2;0;LIMON;0;146;0;1;0;4;1
430854;8,35;SPH;17;0;005-15698;44,4;195,8;59,0;27,3;47,8;10,0;3136,2;0;LIMON;0;147;0;1;0;4;1
377139;0,09;BOP;17;0;005-16913;36,0;154,0;41,7;25,3;39,8;34,9;14860,7;0;LIMON;0;146;0;1;0;16;1
377137;0,12;BOP;17;0;005-16913;36,0;154,0;41,7;25,3;39,8;34,9;14860,7;0;LIMON;0;146;0;1;0;16;1
377138;1,82;PPH;18;0;005-16913;36,0;154,0;41,7;25,3;39,8;34,9;14860,7;0;LIMON;0;149;0;1;0;16;4
9471171;0,58;SPH;17;0;005-16913;60,4;238,5;60,7;9,6;38,3;52,1;26587,8;1;SABLE;0;147;0;3;0;16;1
369098;1,22;PRL;18;0;005-16757;84,9;359,3;86,2;20,9;32,3;46,9;37823,6;1;SABLE;0;150;0;3;0;14;4
369383;1,72;PTR;19;0;005-16757;36,0;154,0;41,7;25,3;39,8;34,9;14860,7;0;LIMON;0;151;0;1;0;14;4
369384;12,61;BOP;17;0;005-16757;36,0;154,0;41,7;25,3;39,8;34,9;14860,7;0;LIMON;0;146;0;1;0;14;1
369282;0,31;TTH;4;0;005-16774;36,0;154,0;41,7;25,3;39,8;34,9;14860,7;0;LIMON;0;35;0;1;0;15;8
369195;1,38;BTH;1;0;005-16757;36,0;154,0;41,7;25,3;39,8;34,9;14860,7;0;LIMON;0;1;0;1;0;14;8
369194;0,4;BOP;17;0;005-16757;36,0;154,0;41,7;25,3;39,8;34,9;14860,7;0;LIMON;0;146;0;1;0;14;1
369368;0,1;BOP;17;0;005-16757;36,0;154,0;41,7;25,3;39,8;34,9;14860,7;0;LIMON;0;146;0;1;0;14;1
369187;0,71;BTH;1;0;005-16757;36,0;154,0;41,7;25,3;39,8;34,9;14860,7;0;LIMON;0;1;0;1;0;14;8
369277;0,51;PRL;18;0;005-16757;84,9;359,3;86,2;20,9;32,3;46,9;37823,6;1;SABLE;0;150;0;3;0;14;4
9471196;0,64;ORH;3;0;005-16757;36,0;154,0;41,7;25,3;39,8;34,9;14860,7;0;LIMON;0;6;0;1;0;14;8
369101;0,05;ORH;3;0;005-16757;36,0;154,0;41,7;25,3;39,8;34,9;14860,7;0;LIMON;0;6;0;1;0;14;8
369272;0,62;TTH;4;0;005-16757;84,9;359,3;86,2;20,9;32,3;46,9;37823,6;1;SABLE;0;35;0;3;0;14;8
369273;1,64;PTR;19;0;005-16757;84,9;359,3;86,2;20,9;32,3;46,9;37823,6;1;SABLE;0;151;0;3;0;14;4
369292;0,16;PRL;18;0;005-15476;84,9;359,3;86,2;20,9;32,3;46,9;37823,6;1;SABLE;0;150;0;3;0;2;4
369293;16,13;BOP;17;0;005-16757;84,9;359,3;86,2;20,9;32,3;46,9;37823,6;1;SABLE;0;146;0;3;0;14;1
369175;0,1;PRL;18;0;005-16757;84,9;359,3;86,2;20,9;32,3;46,9;37823,6;1;SABLE;0;150;0;3;0;14;4
369100;1,65;BOP;17;0;005-16757;114,8;576,9;168,0;31,2;53,1;15,7;6253,6;0;LIMON;0;146;0;1;0;14;1
369186;0,48;BOP;17;0;005-16757;114,8;576,9;168,0;31,2;53,1;15,7;6253,6;0;LIMON;0;146;0;1;0;14;1
369190;1,0;PTR;19;0;005-16757;84,9;359,3;86,2;20,9;32,3;46,9;37823,6;1;SABLE;0;151;0;3;0;14;4
369191;0,61;BOP;17;0;005-16757;84,9;359,3;86,2;20,9;32,3;46,9;37823,6;1;SABLE;0;146;0;3;0;14;1
369181;1,19;PTR;19;0;005-15476;84,9;359,3;86,2;20,9;32,3;46,9;37823,6;1;SABLE;0;151;0;3;0;2;4
369180;2,4;PTR;19;0;005-15476;84,9;359,3;86,2;20,9;32,3;46,9;37823,6;1;SABLE;0;151;0;3;0;2;4
369285;1,07;PTR;19;0;005-16757;36,0;154,0;41,7;25,3;39,8;34,9;14860,7;0;LIMON;0;151;0;1;0;14;4
369284;1,11;BOP;17;0;005-16757;36,0;154,0;41,7;25,3;39,8;34,9;14860,7;0;LIMON;0;146;0;1;0;14;1
369179;1,35;BOP;17;0;005-16757;84,9;359,3;86,2;20,9;32,3;46,9;37823,6;1;SABLE;0;146;0;3;0;14;1
369178;0,15;TTH;4;0;005-16757;84,9;359,3;86,2;20,9;32,3;46,9;37823,6;1;SABLE;0;35;0;3;0;14;8
369391;1,24;BOP;17;0;005-16757;84,9;359,3;86,2;20,9;32,3;46,9;37823,6;1;SABLE;0;146;0;3;0;14;1
369174;0,63;BOP;17;0;005-16757;36,0;154,0;41,7;25,3;39,8;34,9;14860,7;0;LIMON;0;146;0;1;0;14;1
369390;1,13;BOP;17;0;005-16757;36,0;154,0;41,7;25,3;39,8;34,9;14860,7;0;LIMON;0;146;0;1;0;14;1
369192;2,86;PRL;18;0;005-16757;36,0;154,0;41,7;25,3;39,8;34,9;14860,7;0;LIMON;0;150;0;1;0;14;4
369374;0,47;TTH;4;0;005-16757;84,9;359,3;86,2;20,9;32,3;46,9;37823,6;1;SABLE;0;35;0;3;0;14;8
369373;0,96;BOP;17;0;005-16757;84,9;359,3;86,2;20,9;32,3;46,9;37823,6;1;SABLE;0;146;0;3;0;14;1
369289;3,1;PTR;19;0;005-16757;36,0;154,0;41,7;25,3;39,8;34,9;14860,7;0;LIMON;0;151;0;1;0;14;4
369288;0,16;BOP;17;0;005-16757;36,0;154,0;41,7;25,3;39,8;34,9;14860,7;0;LIMON;0;146;0;1;0;14;1
369287;3,05;PTR;19;0;005-16757;36,0;154,0;41,7;25,3;39,8;34,9;14860,7;0;LIMON;0;151;0;1;0;14;4
9471232;1,05;BTP;1;0;005-16913;60,4;238,5;60,7;9,6;38,3;52,1;26587,8;1;SABLE;0;2;0;3;0;16;6
379142;2,17;EPE;4;0;005-16913;36,0;154,0;41,7;25,3;39,8;34,9;14860,7;0;LIMON;0;28;0;1;0;16;8
379156;0,13;SPH;17;0;005-16913;114,8;576,9;168,0;31,2;53,1;15,7;6253,6;0;LIMON;0;147;0;1;0;16;1
379233;2,47;PTR;19;0;005-16913;60,4;238,5;60,7;9,6;38,3;52,1;26587,8;1;SABLE;0;151;0;3;0;16;4
379232;0,09;PRL;18;0;005-16913;60,4;238,5;60,7;9,6;38,3;52,1;26587,8;1;SABLE;0;150;0;3;0;16;4
369275;3,56;BOP;17;0;005-16757;114,8;576,9;168,0;31,2;53,1;15,7;6253,6;0;LIMON;0;146;0;1;0;14;1
369376;0,96;BOP;17;0;005-16757;36,0;154,0;41,7;25,3;39,8;34,9;14860,7;0;LIMON;0;146;0;1;0;14;1
369295;0,12;SPH;17;0;005-16757;36,0;154,0;41,7;25,3;39,8;34,9;14860,7;0;LIMON;0;147;0;1;0;14;1
369296;3,77;BOP;17;0;005-16757;36,0;154,0;41,7;25,3;39,8;34,9;14860,7;0;LIMON;0;146;0;1;0;14;1
369370;0,91;PRL;18;0;005-16757;84,9;359,3;86,2;20,9;32,3;46,9;37823,6;1;SABLE;0;150;0;3;0;14;4
369375;0,23;SPH;17;0;005-16757;36,0;154,0;41,7;25,3;39,8;34,9;14860,7;0;LIMON;0;147;0;1;0;14;1
379234;0,99;SPH;17;0;005-16913;60,4;238,5;60,7;9,6;38,3;52,1;26587,8;1;SABLE;0;147;0;3;0;16;1
379235;0,83;PPR;8;0;005-16913;60,4;238,5;60,7;9,6;38,3;52,1;26587,8;1;SABLE;0;64;0;3;0;16;7
379146;0,61;PPH;18;0;005-16913;36,0;154,0;41,7;25,3;39,8;34,9;14860,7;0;LIMON;0;149;0;1;0;16;4
417434;0,79;PPH;18;0;005-16913;60,4;238,5;60,7;9,6;38,3;52,1;26587,8;1;SABLE;0;149;0;3;0;16;4
377163;0,71;SA6;16;0;005-16913;60,4;238,5;60,7;9,6;38,3;52,1;26587,8;1;SABLE;0;130;0;3;0;16;2
9471238;0,13;SPH;17;0;005-16913;60,4;238,5;60,7;9,6;38,3;52,1;26587,8;1;SABLE;0;147;0;3;0;16;1
377350;0,28;BTP;1;0;005-16913;60,4;238,5;60,7;9,6;38,3;52,1;26587,8;1;SABLE;0;2;0;3;0;16;6
376895;1,14;PRL;18;0;005-16913;36,0;154,0;41,7;25,3;39,8;34,9;14860,7;0;LIMON;0;150;0;1;0;16;4
417441;2,75;BTH;1;0;005-16913;60,4;238,5;60,7;9,6;38,3;52,1;26587,8;1;SABLE;0;1;0;3;0;16;8
377355;1,12;PTR;19;0;005-16913;60,4;238,5;60,7;9,6;38,3;52,1;26587,8;1;SABLE;0;151;0;3;0;16;4
9471241;0,14;SA6;16;0;005-16913;60,4;238,5;60,7;9,6;38,3;52,1;26587,8;1;SABLE;0;130;0;3;0;16;2
417442;0,57;SPH;17;0;005-16913;114,8;576,9;168,0;31,2;53,1;15,7;6253,6;0;LIMON;0;147;0;1;0;16;1
379229;0,19;PTR;19;0;005-16913;60,4;238,5;60,7;9,6;38,3;52,1;26587,8;1;SABLE;0;151;0;3;0;16;4
379240;3,72;MLG;16;0;005-16913;36,0;154,0;41,7;25,3;39,8;34,9;14860,7;0;LIMON;0;118;0;1;0;16;2
377341;0,18;SPH;17;0;005-16913;36,0;154,0;41,7;25,3;39,8;34,9;14860,7;0;LIMON;0;147;0;1;0;16;1
377340;0,74;SA6;16;0;005-16913;36,0;154,0;41,7;25,3;39,8;34,9;14860,7;0;LIMON;0;130;0;1;0;16;2
379243;0,84;SA6;16;0;005-16913;36,0;154,0;41,7;25,3;39,8;34,9;14860,7;0;LIMON;0;130;0;1;0;16;2
379151;1,96;TR6;16;0;005-16913;60,4;238,5;60,7;9,6;38,3;52,1;26587,8;1;SABLE;0;138;0;3;0;16;2
377427;0,46;SPH;17;0;005-16913;60,4;238,5;60,7;9,6;38,3;52,1;26587,8;1;SABLE;0;147;0;3;0;16;1
433040;0,42;LUZ;16;0;005-16479;36,0;154,0;41,7;25,3;39,8;34,9;14860,7;0;LIMON;0;105;0;1;0;12;2
432383;0,22;LUZ;16;0;005-15698;36,0;154,0;41,7;25,3;39,8;34,9;14860,7;0;LIMON;0;105;0;1;0;4;2
409335;0,24;ORP;3;0;005-15820;114,8;576,9;168,0;31,2;53,1;15,7;6253,6;0;LIMON;0;7;0;1;0;6;6
410232;0,74;BTH;1;0;005-15820;36,0;154,0;41,7;25,3;39,8;34,9;14860,7;0;LIMON;0;1;0;1;0;6;8
9471605;0,67;BTH;1;0;005-15820;114,8;576,9;168,0;31,2;53,1;15,7;6253,6;0;LIMON;0;1;0;1;0;6;8
9471606;0,2;AVP;4;0;005-15820;114,8;576,9;168,0;31,2;53,1;15,7;6253,6;0;LIMON;0;9;0;1;0;6;6
9471607;0,95;SPH;17;0;005-15820;114,8;576,9;168,0;31,2;53,1;15,7;6253,6;0;LIMON;0;147;0;1;0;6;1
9471608;1,01;AVP;4;0;005-15820;114,8;576,9;168,0;31,2;53,1;15,7;6253,6;0;LIMON;0;9;0;1;0;6;6
410224;1,38;BTH;1;0;005-15820;36,0;154,0;41,7;25,3;39,8;34,9;14860,7;0;LIMON;0;1;0;1;0;6;8
9471626;0,36;ORP;3;0;005-15820;114,8;576,9;168,0;31,2;53,1;15,7;6253,6;0;LIMON;0;7;0;1;0;6;6
9471627;1,37;BTH;1;0;005-15820;114,8;576,9;168,0;31,2;53,1;15,7;6253,6;0;LIMON;0;1;0;1;0;6;8
371376;0,22;PRL;18;0;005-15733;36,0;154,0;41,7;25,3;39,8;34,9;14860,7;0;LIMON;0;150;0;1;0;5;4
376470;0,12;SPH;17;0;005-15476;84,9;359,3;86,2;20,9;32,3;46,9;37823,6;1;SABLE;0;147;0;3;0;2;1
376471;0,34;PRL;18;0;005-15476;84,9;359,3;86,2;20,9;32,3;46,9;37823,6;1;SABLE;0;150;0;3;0;2;4
9472498;1,01;PRL;18;0;005-15820;36,0;154,0;41,7;25,3;39,8;34,9;14860,7;0;LIMON;0;150;0;1;0;6;4
376462;1,09;VRG;20;0;005-16479;36,0;154,0;41,7;25,3;39,8;34,9;14860,7;0;LIMON;0;173;0;1;0;12;5
376565;1,93;LUZ;16;0;005-16479;36,0;154,0;41,7;25,3;39,8;34,9;14860,7;0;LIMON;0;105;0;1;0;12;2
376558;0,45;LU6;16;0;005-16269;36,0;154,0;41,7;25,3;39,8;34,9;14860,7;0;LIMON;0;103;0;1;0;9;2
9472584;0,72;ORH;3;0;005-16757;36,0;154,0;41,7;25,3;39,8;34,9;14860,7;0;LIMON;0;6;0;1;0;14;8
376542;0,16;PRL;18;0;005-15476;84,9;359,3;86,2;20,9;32,3;46,9;37823,6;1;SABLE;0;150;0;3;0;2;4
376545;1,51;BTP;1;0;005-16479;36,0;154,0;41,7;25,3;39,8;34,9;14860,7;0;LIMON;0;2;0;1;0;12;6
376474;2,39;LU6;16;0;005-15476;36,0;154,0;41,7;25,3;39,8;34,9;14860,7;0;LIMON;0;103;0;1;0;2;2
376559;0,59;PRL;18;0;005-16757;36,0;154,0;41,7;25,3;39,8;34,9;14860,7;0;LIMON;0;150;0;1;0;14;4
376480;0,49;PRL;18;0;005-15476;84,9;359,3;86,2;20,9;32,3;46,9;37823,6;1;SABLE;0;150;0;3;0;2;4
376647;0,31;SPH;17;0;005-16757;84,9;359,3;86,2;20,9;32,3;46,9;37823,6;1;SABLE;0;147;0;3;0;14;1
376567;0,27;SPH;17;0;005-15476;84,9;359,3;86,2;20,9;32,3;46,9;37823,6;1;SABLE;0;147;0;3;0;2;1
376566;6,89;SPH;17;0;005-16757;84,9;359,3;86,2;20,9;32,3;46,9;37823,6;1;SABLE;0;147;0;3;0;14;1
9472695;0,73;PRL;18;0;005-15476;36,0;154,0;41,7;25,3;39,8;34,9;14860,7;0;LIMON;0;150;0;1;0;2;4
9472698;0,23;PRL;18;0;005-15820;36,0;154,0;41,7;25,3;39,8;34,9;14860,7;0;LIMON;0;150;0;1;0;6;4
376637;3,8;LU5;16;0;005-15476;36,0;154,0;41,7;25,3;39,8;34,9;14860,7;0;LIMON;0;102;0;1;0;2;2
376638;0,91;SPH;17;0;005-15476;36,0;154,0;41,7;25,3;39,8;34,9;14860,7;0;LIMON;0;147;0;1;0;2;1
376543;1,56;ORH;3;0;005-16757;84,9;359,3;86,2;20,9;32,3;46,9;37823,6;1;SABLE;0;6;0;3;0;14;8
376643;0,54;PRL;18;0;005-16757;36,0;154,0;41,7;25,3;39,8;34,9;14860,7;0;LIMON;0;150;0;1;0;14;4
376644;0,08;PRL;18;0;005-16757;36,0;154,0;41,7;25,3;39,8;34,9;14860,7;0;LIMON;0;150;0;1;0;14;4
376541;1,1;PRL;18;0;005-15820;36,0;154,0;41,7;25,3;39,8;34,9;14860,7;0;LIMON;0;150;0;1;0;6;4
9472703;0,56;PRL;18;0;005-15820;36,0;154,0;41,7;25,3;39,8;34,9;14860,7;0;LIMON;0;150;0;1;0;6;4
376551;0,53;PRL;18;0;005-15476;84,9;359,3;86,2;20,9;32,3;46,9;37823,6;1;SABLE;0;150;0;3;0;2;4
376548;0,98;PRL;18;0;005-16757;84,9;359,3;86,2;20,9;32,3;46,9;37823,6;1;SABLE;0;150;0;3;0;14;4
376469;0,5;PRL;18;0;005-15476;84,9;359,3;86,2;20,9;32,3;46,9;37823,6;1;SABLE;0;150;0;3;0;2;4
376547;1,19;ORH;3;0;005-16757;36,0;154,0;41,7;25,3;39,8;34,9;14860,7;0;LIMON;0;6;0;1;0;14;8
376459;0,04;PRL;18;0;005-15476;84,9;359,3;86,2;20,9;32,3;46,9;37823,6;1;SABLE;0;150;0;3;0;2;4
404031;1,06;MLG;16;0;005-16502;114,8;576,9;168,0;31,2;53,1;15,7;6253,6;0;LIMON;0;118;0;1;0;13;2
410626;2,3;BTH;1;0;005-15365;36,0;154,0;41,7;25,3;39,8;34,9;14860,7;0;LIMON;0;1;0;1;0;1;8
9474717;0,1;SNE;28;0;005-16757;36,0;154,0;41,7;25,3;39,8;34,9;14860,7;0;LIMON;0;305;0;1;0;14;7
435456;11,97;SNE;28;0;005-15820;36,0;154,0;41,7;25,3;39,8;34,9;14860,7;0;LIMON;0;305;0;1;0;6;7
410037;0,29;SNE;28;0;005-16502;114,8;576,9;168,0;31,2;53,1;15,7;6253,6;0;LIMON;0;305;0;1;0;13;7
9475054;0,26;BTA;28;0;005-15820;114,8;576,9;168,0;31,2;53,1;15,7;6253,6;0;LIMON;0;290;0;1;0;6;7
