date,year,month,day,doy,P,etp,Rg,T
2016-01-01,2016,1,1,1,7.835373,0.709015,532.193548387097,4.548805
2016-01-02,2016,1,2,2,16.077444,0.392095,532.193548387097,3.017884
2016-01-03,2016,1,3,3,9.568489,0.700193,532.193548387097,0.652335
2016-01-04,2016,1,4,4,3.173851,0.474838,532.193548387097,0.484191
2016-01-05,2016,1,5,5,0.034503,0.627007,532.193548387097,-0.397703
2016-01-06,2016,1,6,6,1.867297,0.209737,532.193548387097,-2.131802
2016-01-07,2016,1,7,7,17.194035,0.292392,532.193548387097,0.089862
2016-01-08,2016,1,8,8,0.312574,0.326831,532.193548387097,2.792985
2016-01-09,2016,1,9,9,9.553145,0.368777,532.193548387097,3.077449
2016-01-10,2016,1,10,10,3.323686,0.557572,532.193548387097,4.177827
2016-01-11,2016,1,11,11,4.562758,0.633195,532.193548387097,3.830189
2016-01-12,2016,1,12,12,3.501238,0.462635,532.193548387097,-0.18323
2016-01-13,2016,1,13,13,0.522244,0.831651,532.193548387097,-3.410938
2016-01-14,2016,1,14,14,5.946969,0.372131,532.193548387097,-1.883235
2016-01-15,2016,1,15,15,4.093949,0.909699,532.193548387097,-3.708127
2016-01-16,2016,1,16,16,2.403011,0.714605,532.193548387097,-4.966181
2016-01-17,2016,1,17,17,0.028589,0.719715,532.193548387097,-6.112947
2016-01-18,2016,1,18,18,2.73093,0.463433,532.193548387097,-5.319352
2016-01-19,2016,1,19,19,0.438706,0.500859,532.193548387097,-1.870587
2016-01-20,2016,1,20,20,0.156139,0.610208,532.193548387097,-1.333929
2016-01-21,2016,1,21,21,0,0.702207,532.193548387097,-2.802861
2016-01-22,2016,1,22,22,0.235216,0.796973,532.193548387097,-2.229255
2016-01-23,2016,1,23,23,0,0.857568,532.193548387097,1.292511
2016-01-24,2016,1,24,24,0,0.91476,532.193548387097,1.70927
2016-01-25,2016,1,25,25,0,1.262637,532.193548387097,2.746875
2016-01-26,2016,1,26,26,0,1.055258,532.193548387097,4.06016
2016-01-27,2016,1,27,27,0,1.084249,532.193548387097,5.312292
2016-01-28,2016,1,28,28,0.321403,1.033782,532.193548387097,4.749163
2016-01-29,2016,1,29,29,0.001451,0.896024,532.193548387097,3.170265
2016-01-30,2016,1,30,30,5.47737,0.952984,532.193548387097,3.526375
2016-01-31,2016,1,31,31,4.439855,0.600951,532.193548387097,5.204976
2016-02-01,2016,2,1,32,0.005171,0.715448,916.142857142857,6.505227
2016-02-02,2016,2,2,33,0.067231,1.192807,916.142857142857,6.668329
2016-02-03,2016,2,3,34,7.728889,0.640795,916.142857142857,0.637757
2016-02-04,2016,2,4,35,0.343656,1.068443,916.142857142857,-0.261225
2016-02-05,2016,2,5,36,0,1.275471,916.142857142857,3.639762
2016-02-06,2016,2,6,37,2.69075,1.663714,916.142857142857,5.608314
2016-02-07,2016,2,7,38,27.724584,0.558157,916.142857142857,1.226194
2016-02-08,2016,2,8,39,1.353438,0.916559,916.142857142857,0.894954
2016-02-09,2016,2,9,40,13.446736,0.55707,916.142857142857,2.189225
2016-02-10,2016,2,10,41,0.278164,0.619459,916.142857142857,-2.368863
2016-02-11,2016,2,11,42,2.563063,0.75076,916.142857142857,-2.105327
2016-02-12,2016,2,12,43,9.288095,0.357793,916.142857142857,-0.93784
2016-02-13,2016,2,13,44,7.443853,0.867936,916.142857142857,1.121375
2016-02-14,2016,2,14,45,3.113415,0.724201,916.142857142857,1.075566
2016-02-15,2016,2,15,46,0.407711,0.756234,916.142857142857,-1.678882
2016-02-16,2016,2,16,47,0.004371,0.756453,916.142857142857,-2.286936
2016-02-17,2016,2,17,48,0,1.055972,916.142857142857,0.169739
2016-02-18,2016,2,18,49,0.327943,0.94773,916.142857142857,-0.586299
2016-02-19,2016,2,19,50,0.009159,0.940223,916.142857142857,-2.491807
2016-02-20,2016,2,20,51,0,1.30783,916.142857142857,1.242438
2016-02-21,2016,2,21,52,0,1.902768,916.142857142857,6.343477
2016-02-22,2016,2,22,53,12.451103,0.648033,916.142857142857,5.944097
2016-02-23,2016,2,23,54,2.115221,0.938177,916.142857142857,3.13064
2016-02-24,2016,2,24,55,0.311642,1.017804,916.142857142857,4.174944
2016-02-25,2016,2,25,56,2.426755,0.620853,916.142857142857,1.796616
2016-02-26,2016,2,26,57,0.047078,1.561381,916.142857142857,0.753686
2016-02-27,2016,2,27,58,0.654812,1.277464,916.142857142857,4.32588
2016-02-28,2016,2,28,59,0.007478,0.644987,916.142857142857,2.257608
2016-02-29,2016,2,29,60,0.54701,0.749118,916.142857142857,-0.82215
2016-03-01,2016,3,1,61,0.440133,1.46571,1355.25806451613,0.145214
2016-03-02,2016,3,2,62,17.818373,1.092842,1355.25806451613,1.113872
2016-03-03,2016,3,3,63,5.586362,0.688946,1355.25806451613,-2.457868
2016-03-04,2016,3,4,64,21.53194,0.507554,1355.25806451613,-0.424092
2016-03-05,2016,3,5,65,4.201712,0.939534,1355.25806451613,0.188113
2016-03-06,2016,3,6,66,0.352196,1.09215,1355.25806451613,-3.166387
2016-03-07,2016,3,7,67,2.559406,1.209115,1355.25806451613,-3.657039
2016-03-08,2016,3,8,68,0.791094,1.116414,1355.25806451613,-3.948604
2016-03-09,2016,3,9,69,0,1.33168,1355.25806451613,-2.08526
2016-03-10,2016,3,10,70,0,1.687045,1355.25806451613,-0.481456
2016-03-11,2016,3,11,71,0,1.365442,1355.25806451613,-0.307549
2016-03-12,2016,3,12,72,0,1.669226,1355.25806451613,0.698115
2016-03-13,2016,3,13,73,0.17976,1.144033,1355.25806451613,1.033709
2016-03-14,2016,3,14,74,0,1.330011,1355.25806451613,1.916627
2016-03-15,2016,3,15,75,1.737692,1.890218,1355.25806451613,2.270935
2016-03-16,2016,3,16,76,5.667756,0.692562,1355.25806451613,0.942805
2016-03-17,2016,3,17,77,0.011431,1.321498,1355.25806451613,2.588261
2016-03-18,2016,3,18,78,0,2.189876,1355.25806451613,2.094804
2016-03-19,2016,3,19,79,0,2.298525,1355.25806451613,3.256503
2016-03-20,2016,3,20,80,0.160612,1.286881,1355.25806451613,4.192427
2016-03-21,2016,3,21,81,0,1.687676,1355.25806451613,4.545088
2016-03-22,2016,3,22,82,0,2.0794,1355.25806451613,3.126369
2016-03-23,2016,3,23,83,0,1.7357,1355.25806451613,1.741082
2016-03-24,2016,3,24,84,0,2.370768,1355.25806451613,2.944232
2016-03-25,2016,3,25,85,0.034103,0.918283,1355.25806451613,2.950367
2016-03-26,2016,3,26,86,0.003646,3.055758,1355.25806451613,6.974075
2016-03-27,2016,3,27,87,5.866272,0.838044,1355.25806451613,3.258876
2016-03-28,2016,3,28,88,1.20639,1.035289,1355.25806451613,2.67182
2016-03-29,2016,3,29,89,0.386123,1.039212,1355.25806451613,5.30288
2016-03-30,2016,3,30,90,0,2.377643,1355.25806451613,8.007191
2016-03-31,2016,3,31,91,0.332548,2.441978,1355.25806451613,11.963451
2016-04-01,2016,4,1,92,1.643486,0.845956,1628.7,6.168414
2016-04-02,2016,4,2,93,0.741946,2.499696,1628.7,11.558195
2016-04-03,2016,4,3,94,2.879232,1.5955,1628.7,9.249411
2016-04-04,2016,4,4,95,2.650425,2.191979,1628.7,9.427995
2016-04-05,2016,4,5,96,6.458921,1.349132,1628.7,9.026664
2016-04-06,2016,4,6,97,0.009114,2.021046,1628.7,7.177292
2016-04-07,2016,4,7,98,0,2.233575,1628.7,4.559974
2016-04-08,2016,4,8,99,2.230277,1.347007,1628.7,0.694914
2016-04-09,2016,4,9,100,0,1.514611,1628.7,1.670978
2016-04-10,2016,4,10,101,0,3.001285,1628.7,6.197199
2016-04-11,2016,4,11,102,0,2.317225,1628.7,8.535236
2016-04-12,2016,4,12,103,0,3.011177,1628.7,8.9494
2016-04-13,2016,4,13,104,5.767551,2.064423,1628.7,6.004085
2016-04-14,2016,4,14,105,0,2.74497,1628.7,6.607484
2016-04-15,2016,4,15,106,0,2.425404,1628.7,9.867944
2016-04-16,2016,4,16,107,5.255535,3.030832,1628.7,11.421073
2016-04-17,2016,4,17,108,9.384791,1.619285,1628.7,7.480327
2016-04-18,2016,4,18,109,0.481924,2.400754,1628.7,2.778014
2016-04-19,2016,4,19,110,0,3.349755,1628.7,5.804386
2016-04-20,2016,4,20,111,0,3.914398,1628.7,9.802022
2016-04-21,2016,4,21,112,0.934416,2.802092,1628.7,9.558741
2016-04-22,2016,4,22,113,12.346887,1.690809,1628.7,7.427423
2016-04-23,2016,4,23,114,4.138252,1.211208,1628.7,5.909029
2016-04-24,2016,4,24,115,0.419277,2.291379,1628.7,0.970176
2016-04-25,2016,4,25,116,0,2.593536,1628.7,1.320606
2016-04-26,2016,4,26,117,0.580534,2.176825,1628.7,3.269115
2016-04-27,2016,4,27,118,0,2.751007,1628.7,2.211104
2016-04-28,2016,4,28,119,0,3.416438,1628.7,3.75002
2016-04-29,2016,4,29,120,0,3.552344,1628.7,5.112391
2016-04-30,2016,4,30,121,10.592403,1.775103,1628.7,3.113953
2016-05-01,2016,5,1,122,5.255189,1.453808,1940.64516129032,0.851697
2016-05-02,2016,5,2,123,0.055219,3.400783,1940.64516129032,5.007632
2016-05-03,2016,5,3,124,0.001088,4.121335,1940.64516129032,6.815527
2016-05-04,2016,5,4,125,0,4.362878,1940.64516129032,6.518249
2016-05-05,2016,5,5,126,0,4.863918,1940.64516129032,9.154172
2016-05-06,2016,5,6,127,0,4.78044,1940.64516129032,9.921462
2016-05-07,2016,5,7,128,0.004951,3.471986,1940.64516129032,9.893789
2016-05-08,2016,5,8,129,6.629952,3.218275,1940.64516129032,9.774857
2016-05-09,2016,5,9,130,14.376798,1.787636,1940.64516129032,9.8765
2016-05-10,2016,5,10,131,12.765012,4.051918,1940.64516129032,12.120181
2016-05-11,2016,5,11,132,16.287062,2.057227,1940.64516129032,8.632397
2016-05-12,2016,5,12,133,4.615787,2.015882,1940.64516129032,6.986791
2016-05-13,2016,5,13,134,5.394067,1.623883,1940.64516129032,7.879754
2016-05-14,2016,5,14,135,0.321928,3.424811,1940.64516129032,8.93874
2016-05-15,2016,5,15,136,0,4.007654,1940.64516129032,6.092473
2016-05-16,2016,5,16,137,0,4.460971,1940.64516129032,6.358403
2016-05-17,2016,5,17,138,0,4.569853,1940.64516129032,7.650113
2016-05-18,2016,5,18,139,16.565173,3.322776,1940.64516129032,8.410409
2016-05-19,2016,5,19,140,3.248542,2.266777,1940.64516129032,4.952045
2016-05-20,2016,5,20,141,0,4.481774,1940.64516129032,8.591795
2016-05-21,2016,5,21,142,0,5.662689,1940.64516129032,13.076892
2016-05-22,2016,5,22,143,16.287652,4.767506,1940.64516129032,11.655123
2016-05-23,2016,5,23,144,4.304939,1.604201,1940.64516129032,3.57958
2016-05-24,2016,5,24,145,0,4.072795,1940.64516129032,6.884349
2016-05-25,2016,5,25,146,0,3.351008,1940.64516129032,10.671684
2016-05-26,2016,5,26,147,0,4.277576,1940.64516129032,13.824278
2016-05-27,2016,5,27,148,0,5.791288,1940.64516129032,16.96321
2016-05-28,2016,5,28,149,8.869429,4.646218,1940.64516129032,15.824077
2016-05-29,2016,5,29,150,10.549371,1.720865,1940.64516129032,9.918475
2016-05-30,2016,5,30,151,4.196722,2.114355,1940.64516129032,9.799897
2016-05-31,2016,5,31,152,4.659513,2.194423,1940.64516129032,8.729319
2016-06-01,2016,6,1,153,0.071427,2.313738,2304.83333333333,9.101977
2016-06-02,2016,6,2,154,3.500975,2.273321,2304.83333333333,10.267796
2016-06-03,2016,6,3,155,0.084894,3.189995,2304.83333333333,11.220669
2016-06-04,2016,6,4,156,4.863964,3.317934,2304.83333333333,11.367901
2016-06-05,2016,6,5,157,4.314148,3.025256,2304.83333333333,11.982589
2016-06-06,2016,6,6,158,1.783065,4.343309,2304.83333333333,13.481478
2016-06-07,2016,6,7,159,8.71878,4.125052,2304.83333333333,13.44078
2016-06-08,2016,6,8,160,0.209979,4.327216,2304.83333333333,13.812568
2016-06-09,2016,6,9,161,0,5.176339,2304.83333333333,13.290309
2016-06-10,2016,6,10,162,0.377363,5.259613,2304.83333333333,13.327739
2016-06-11,2016,6,11,163,0.48215,5.380824,2304.83333333333,14.142223
2016-06-12,2016,6,12,164,0.790515,4.681544,2304.83333333333,12.30091
2016-06-13,2016,6,13,165,2.895714,3.277084,2304.83333333333,12.297167
2016-06-14,2016,6,14,166,0.978441,4.425673,2304.83333333333,10.763815
2016-06-15,2016,6,15,167,29.692964,3.279095,2304.83333333333,11.839781
2016-06-16,2016,6,16,168,18.569576,2.412639,2304.83333333333,10.393236
2016-06-17,2016,6,17,169,3.666552,3.535142,2304.83333333333,10.370796
2016-06-18,2016,6,18,170,10.829817,2.197534,2304.83333333333,8.797948
2016-06-19,2016,6,19,171,0.482199,3.846496,2304.83333333333,10.171393
2016-06-20,2016,6,20,172,0.004444,5.009482,2304.83333333333,12.229779
2016-06-21,2016,6,21,173,0,3.472759,2304.83333333333,16.34737
2016-06-22,2016,6,22,174,0.005315,5.574373,2304.83333333333,18.379769
2016-06-23,2016,6,23,175,0,6.602445,2304.83333333333,19.395962
2016-06-24,2016,6,24,176,0.12857,6.21452,2304.83333333333,19.238315
2016-06-25,2016,6,25,177,0.101444,5.040303,2304.83333333333,16.721642
2016-06-26,2016,6,26,178,0,5.754395,2304.83333333333,13.948619
2016-06-27,2016,6,27,179,0,5.854202,2304.83333333333,13.373664
2016-06-28,2016,6,28,180,0,6.065161,2304.83333333333,15.894823
2016-06-29,2016,6,29,181,0.972697,5.738066,2304.83333333333,17.06999
2016-06-30,2016,6,30,182,3.951117,4.337934,2304.83333333333,16.41448
2016-07-01,2016,7,1,183,0.062913,5.251269,2325.32258064516,17.312081
2016-07-02,2016,7,2,184,0.179929,4.129694,2325.32258064516,14.791504
2016-07-03,2016,7,3,185,0.062544,5.959086,2325.32258064516,14.251823
2016-07-04,2016,7,4,186,0.085307,6.274344,2325.32258064516,16.805344
2016-07-05,2016,7,5,187,0.127831,4.627561,2325.32258064516,16.984248
2016-07-06,2016,7,6,188,0,6.052405,2325.32258064516,15.865231
2016-07-07,2016,7,7,189,0.004088,6.41172,2325.32258064516,17.611815
2016-07-08,2016,7,8,190,0.005723,5.34585,2325.32258064516,18.997971
2016-07-09,2016,7,9,191,0,6.589622,2325.32258064516,19.206664
2016-07-10,2016,7,10,192,0,6.009262,2325.32258064516,20.43181
2016-07-11,2016,7,11,193,10.503025,4.575402,2325.32258064516,18.175755
2016-07-12,2016,7,12,194,14.092405,2.181837,2325.32258064516,14.118566
2016-07-13,2016,7,13,195,0.732228,4.44892,2325.32258064516,10.302002
2016-07-14,2016,7,14,196,1.08772,4.446862,2325.32258064516,8.693091
2016-07-15,2016,7,15,197,0,4.998923,2325.32258064516,10.170755
2016-07-16,2016,7,16,198,0,5.655576,2325.32258064516,12.182765
2016-07-17,2016,7,17,199,0,6.303667,2325.32258064516,16.295844
2016-07-18,2016,7,18,200,0,6.33942,2325.32258064516,17.973743
2016-07-19,2016,7,19,201,0,6.420971,2325.32258064516,19.237748
2016-07-20,2016,7,20,202,0,6.709246,2325.32258064516,19.974542
2016-07-21,2016,7,21,203,12.826507,5.33869,2325.32258064516,20.359628
2016-07-22,2016,7,22,204,3.031438,3.021884,2325.32258064516,16.24033
2016-07-23,2016,7,23,205,12.687921,3.077043,2325.32258064516,14.678615
2016-07-24,2016,7,24,206,2.456804,4.097952,2325.32258064516,15.94924
2016-07-25,2016,7,25,207,0,5.09171,2325.32258064516,17.318228
2016-07-26,2016,7,26,208,0.026114,5.222294,2325.32258064516,17.966819
2016-07-27,2016,7,27,209,0.003646,5.54645,2325.32258064516,16.990397
2016-07-28,2016,7,28,210,0,5.733806,2325.32258064516,15.801733
2016-07-29,2016,7,29,211,0,6.024658,2325.32258064516,17.841527
2016-07-30,2016,7,30,212,5.572284,4.315454,2325.32258064516,18.758173
2016-07-31,2016,7,31,213,11.940848,3.902801,2325.32258064516,16.61396
2016-08-01,2016,8,1,214,0,6.62885,1980.87096774194,14.979834
2016-08-02,2016,8,2,215,0,5.256102,1980.87096774194,16.038962
2016-08-03,2016,8,3,216,0,6.234886,1980.87096774194,17.96096
2016-08-04,2016,8,4,217,18.876552,4.36479,1980.87096774194,18.274564
2016-08-05,2016,8,5,218,0.297007,4.140113,1980.87096774194,12.563386
2016-08-06,2016,8,6,219,0,5.154896,1980.87096774194,13.446273
2016-08-07,2016,8,7,220,0,4.807157,1980.87096774194,14.488079
2016-08-08,2016,8,8,221,0,5.486237,1980.87096774194,16.579315
2016-08-09,2016,8,9,222,0.004375,3.655295,1980.87096774194,13.981147
2016-08-10,2016,8,10,223,0,4.948213,1980.87096774194,11.61713
2016-08-11,2016,8,11,224,0,4.617676,1980.87096774194,10.70889
2016-08-12,2016,8,12,225,0,4.88124,1980.87096774194,13.131504
2016-08-13,2016,8,13,226,0,5.44846,1980.87096774194,16.506692
2016-08-14,2016,8,14,227,0,5.317825,1980.87096774194,17.516943
2016-08-15,2016,8,15,228,0,4.862639,1980.87096774194,17.31343
2016-08-16,2016,8,16,229,2.16048,4.411386,1980.87096774194,15.864884
2016-08-17,2016,8,17,230,0.938743,4.298179,1980.87096774194,15.822384
2016-08-18,2016,8,18,231,0.017285,3.358234,1980.87096774194,16.155483
2016-08-19,2016,8,19,232,0.328097,4.945247,1980.87096774194,17.215927
2016-08-20,2016,8,20,233,11.351703,1.409955,1980.87096774194,13.682495
2016-08-21,2016,8,21,234,0,4.150834,1980.87096774194,12.138715
2016-08-22,2016,8,22,235,0,4.943673,1980.87096774194,13.037003
2016-08-23,2016,8,23,236,0,5.495486,1980.87096774194,16.92403
2016-08-24,2016,8,24,237,0,5.534957,1980.87096774194,18.877611
2016-08-25,2016,8,25,238,0,5.324265,1980.87096774194,18.927442
2016-08-26,2016,8,26,239,0,5.36469,1980.87096774194,19.434564
2016-08-27,2016,8,27,240,0,5.190873,1980.87096774194,18.92261
2016-08-28,2016,8,28,241,0,4.740946,1980.87096774194,18.578295
2016-08-29,2016,8,29,242,0,4.667613,1980.87096774194,16.259223
2016-08-30,2016,8,30,243,2.266885,3.626751,1980.87096774194,15.495191
2016-08-31,2016,8,31,244,0.865173,2.623886,1980.87096774194,15.232704
2016-09-01,2016,9,1,245,0,4.643426,1490,16.310881
2016-09-02,2016,9,2,246,0,4.646678,1490,16.500074
2016-09-03,2016,9,3,247,0,4.759111,1490,16.609183
2016-09-04,2016,9,4,248,0,4.917183,1490,17.268029
2016-09-05,2016,9,5,249,0,3.824878,1490,15.340696
2016-09-06,2016,9,6,250,0,4.913527,1490,15.71546
2016-09-07,2016,9,7,251,0.056972,4.232521,1490,14.952176
2016-09-08,2016,9,8,252,0,4.556214,1490,15.768083
2016-09-09,2016,9,9,253,4.141679,3.8016,1490,16.973171
2016-09-10,2016,9,10,254,4.028562,3.267929,1490,15.533801
2016-09-11,2016,9,11,255,0.07119,3.019858,1490,15.925044
2016-09-12,2016,9,12,256,1.67164,2.992587,1490,16.556966
2016-09-13,2016,9,13,257,0.387832,3.351551,1490,16.078068
2016-09-14,2016,9,14,258,24.627504,2.590817,1490,15.680819
2016-09-15,2016,9,15,259,0.553456,3.273757,1490,13.202238
2016-09-16,2016,9,16,260,4.036598,1.517712,1490,10.739498
2016-09-17,2016,9,17,261,10.926495,1.354275,1490,7.706094
2016-09-18,2016,9,18,262,4.99984,1.465369,1490,8.748024
2016-09-19,2016,9,19,263,0.000725,2.907833,1490,11.060785
2016-09-20,2016,9,20,264,0.01717,2.774763,1490,10.472675
2016-09-21,2016,9,21,265,0,2.20479,1490,9.775108
2016-09-22,2016,9,22,266,0,3.119164,1490,10.653907
2016-09-23,2016,9,23,267,0,2.929243,1490,10.639045
2016-09-24,2016,9,24,268,0.451004,2.253577,1490,9.384054
2016-09-25,2016,9,25,269,0.055872,2.698979,1490,11.147844
2016-09-26,2016,9,26,270,0,2.30401,1490,12.134566
2016-09-27,2016,9,27,271,0.245727,2.247636,1490,10.489913
2016-09-28,2016,9,28,272,0,3.061439,1490,10.712669
2016-09-29,2016,9,29,273,0,3.213287,1490,10.886494
2016-09-30,2016,9,30,274,0.33388,3.142452,1490,11.014525
2016-10-01,2016,10,1,275,16.873722,1.050971,969.903225806452,10.250938
2016-10-02,2016,10,2,276,0.034577,1.25041,969.903225806452,8.045019
2016-10-03,2016,10,3,277,0,2.262336,969.903225806452,6.43176
2016-10-04,2016,10,4,278,0,2.315021,969.903225806452,6.370152
2016-10-05,2016,10,5,279,0,2.489901,969.903225806452,7.618667
2016-10-06,2016,10,6,280,0,1.487385,969.903225806452,6.729529
2016-10-07,2016,10,7,281,0,2.201364,969.903225806452,6.813609
2016-10-08,2016,10,8,282,0,1.924013,969.903225806452,5.213088
2016-10-09,2016,10,9,283,0,1.888811,969.903225806452,4.840529
2016-10-10,2016,10,10,284,0,1.714747,969.903225806452,3.24043
2016-10-11,2016,10,11,285,0.004497,1.536028,969.903225806452,1.998497
2016-10-12,2016,10,12,286,4.174139,1.695147,969.903225806452,3.688855
2016-10-13,2016,10,13,287,31.372781,0.759678,969.903225806452,7.46709
2016-10-14,2016,10,14,288,41.532216,0.59556,969.903225806452,8.100118
2016-10-15,2016,10,15,289,0.011884,1.691898,969.903225806452,7.091493
2016-10-16,2016,10,16,290,5.393926,1.792362,969.903225806452,7.570418
2016-10-17,2016,10,17,291,15.721328,0.734597,969.903225806452,7.607919
2016-10-18,2016,10,18,292,0,1.508544,969.903225806452,7.093761
2016-10-19,2016,10,19,293,0,1.525032,969.903225806452,5.092618
2016-10-20,2016,10,20,294,0,1.376692,969.903225806452,3.755291
2016-10-21,2016,10,21,295,0,1.360281,969.903225806452,3.021116
2016-10-22,2016,10,22,296,3.039529,1.710064,969.903225806452,5.109083
2016-10-23,2016,10,23,297,5.88921,0.871202,969.903225806452,8.963637
2016-10-24,2016,10,24,298,1.598393,1.881354,969.903225806452,14.037182
2016-10-25,2016,10,25,299,9.412527,0.670581,969.903225806452,11.16776
2016-10-26,2016,10,26,300,1.70391,0.817113,969.903225806452,8.569797
2016-10-27,2016,10,27,301,0,1.432618,969.903225806452,7.380453
2016-10-28,2016,10,28,302,0,1.88219,969.903225806452,7.485715
2016-10-29,2016,10,29,303,0,1.728811,969.903225806452,7.410429
2016-10-30,2016,10,30,304,0.043021,1.76729,969.903225806452,9.413896
2016-10-31,2016,10,31,305,0.009288,1.749099,969.903225806452,8.194845
2016-11-01,2016,11,1,306,0,1.588083,599.066666666667,6.856765
2016-11-02,2016,11,2,307,0,1.3916,599.066666666667,5.847989
2016-11-03,2016,11,3,308,0,1.264851,599.066666666667,3.427467
2016-11-04,2016,11,4,309,25.039197,1.103528,599.066666666667,5.668211
2016-11-05,2016,11,5,310,17.776639,0.605297,599.066666666667,7.75899
2016-11-06,2016,11,6,311,0.350031,0.864516,599.066666666667,0.969297
2016-11-07,2016,11,7,312,0.057771,0.958033,599.066666666667,-2.446527
2016-11-08,2016,11,8,313,0.258144,0.830689,599.066666666667,-2.546951
2016-11-09,2016,11,9,314,12.802812,0.407439,599.066666666667,-1.916717
2016-11-10,2016,11,10,315,10.890207,0.470367,599.066666666667,1.214343
2016-11-11,2016,11,11,316,3.93482,0.757427,599.066666666667,-0.036183
2016-11-12,2016,11,12,317,0,0.986038,599.066666666667,-1.626652
2016-11-13,2016,11,13,318,1.294075,0.848893,599.066666666667,1.610057
2016-11-14,2016,11,14,319,0.136353,0.706147,599.066666666667,1.004536
2016-11-15,2016,11,15,320,0,0.90427,599.066666666667,-0.03791
2016-11-16,2016,11,16,321,0,1.10456,599.066666666667,2.054877
2016-11-17,2016,11,17,322,0,1.049468,599.066666666667,4.534731
2016-11-18,2016,11,18,323,23.996023,0.553111,599.066666666667,5.839419
2016-11-19,2016,11,19,324,0.553395,0.955449,599.066666666667,3.637071
2016-11-20,2016,11,20,325,11.845405,1.540256,599.066666666667,6.253064
2016-11-21,2016,11,21,326,61.857167,0.769394,599.066666666667,7.262285
2016-11-22,2016,11,22,327,14.292249,0.826769,599.066666666667,7.818428
2016-11-23,2016,11,23,328,24.380925,1.666889,599.066666666667,10.884879
2016-11-24,2016,11,24,329,41.176625,0.480636,599.066666666667,5.868086
2016-11-25,2016,11,25,330,1.650641,0.616968,599.066666666667,4.918594
2016-11-26,2016,11,26,331,0,0.771955,599.066666666667,2.573484
2016-11-27,2016,11,27,332,0,0.737388,599.066666666667,1.416302
2016-11-28,2016,11,28,333,0,0.596444,599.066666666667,0.213314
2016-11-29,2016,11,29,334,0,0.578239,599.066666666667,-0.23428
2016-11-30,2016,11,30,335,0,0.80859,599.066666666667,-0.847147
2016-12-01,2016,12,1,336,0,1.112914,388.806451612903,1.300515
2016-12-02,2016,12,2,337,0,1.1322,388.806451612903,0.678482
2016-12-03,2016,12,3,338,0,0.82741,388.806451612903,1.552916
2016-12-04,2016,12,4,339,0,0.875898,388.806451612903,1.289315
2016-12-05,2016,12,5,340,0,0.828699,388.806451612903,1.429318
2016-12-06,2016,12,6,341,0,0.814606,388.806451612903,0.081665
2016-12-07,2016,12,7,342,0,0.861189,388.806451612903,0.200236
2016-12-08,2016,12,8,343,0,0.975398,388.806451612903,2.91842
2016-12-09,2016,12,9,344,0,0.990232,388.806451612903,3.83994
2016-12-10,2016,12,10,345,0,0.996289,388.806451612903,4.755595
2016-12-11,2016,12,11,346,0,1.442435,388.806451612903,3.632509
2016-12-12,2016,12,12,347,0,0.860612,388.806451612903,0.318165
2016-12-13,2016,12,13,348,0,0.67223,388.806451612903,0.353093
2016-12-14,2016,12,14,349,0,0.830825,388.806451612903,0.335749
2016-12-15,2016,12,15,350,0.051758,0.817661,388.806451612903,1.749592
2016-12-16,2016,12,16,351,0,0.605764,388.806451612903,3.175436
2016-12-17,2016,12,17,352,0,0.747867,388.806451612903,-0.916105
2016-12-18,2016,12,18,353,0.055219,0.732767,388.806451612903,-1.807671
2016-12-19,2016,12,19,354,4.830386,0.782089,388.806451612903,-0.164489
2016-12-20,2016,12,20,355,0.133565,0.546274,388.806451612903,1.644725
2016-12-21,2016,12,21,356,0,0.371859,388.806451612903,1.048561
2016-12-22,2016,12,22,357,0,0.782097,388.806451612903,1.128884
2016-12-23,2016,12,23,358,0,0.788972,388.806451612903,1.157432
2016-12-24,2016,12,24,359,0.029696,1.019222,388.806451612903,2.441569
2016-12-25,2016,12,25,360,0,1.026488,388.806451612903,2.229392
2016-12-26,2016,12,26,361,0.004375,0.871271,388.806451612903,3.389082
2016-12-27,2016,12,27,362,0,0.848839,388.806451612903,1.145139
2016-12-28,2016,12,28,363,0,1.094685,388.806451612903,1.046924
2016-12-29,2016,12,29,364,0,0.927945,388.806451612903,1.517357
2016-12-30,2016,12,30,365,0,0.762183,388.806451612903,-1.636956
2016-12-31,2016,12,31,366,0,0.80315,388.806451612903,-0.241535
2017-01-01,2017,1,1,367,0,0.875801,532.193548387097,-0.52378
2017-01-02,2017,1,2,368,0,0.665138,532.193548387097,-1.417459
2017-01-03,2017,1,3,369,0,0.546775,532.193548387097,-3.895467
2017-01-04,2017,1,4,370,0.094027,1.095729,532.193548387097,-2.846793
2017-01-05,2017,1,5,371,0,1.230183,532.193548387097,-3.842279
2017-01-06,2017,1,6,372,0,0.766984,532.193548387097,-7.135233
2017-01-07,2017,1,7,373,0.008017,0.999079,532.193548387097,-5.624897
2017-01-08,2017,1,8,374,0.031056,0.750604,532.193548387097,-2.297408
2017-01-09,2017,1,9,375,0.000798,0.611872,532.193548387097,-4.430268
2017-01-10,2017,1,10,376,1.624424,0.424691,532.193548387097,-2.875693
2017-01-11,2017,1,11,377,0.001523,0.738142,532.193548387097,-3.146456
2017-01-12,2017,1,12,378,5.232052,0.741606,532.193548387097,2.636589
2017-01-13,2017,1,13,379,10.547279,0.438699,532.193548387097,-4.063369
2017-01-14,2017,1,14,380,3.098698,0.402002,532.193548387097,-5.879005
2017-01-15,2017,1,15,381,0,0.555907,532.193548387097,-8.248904
2017-01-16,2017,1,16,382,0.097083,0.647353,532.193548387097,-8.26201
2017-01-17,2017,1,17,383,0.091635,0.483444,532.193548387097,-10.340376
2017-01-18,2017,1,18,384,0,0.537519,532.193548387097,-9.271496
2017-01-19,2017,1,19,385,0.040153,0.72865,532.193548387097,-5.636378
2017-01-20,2017,1,20,386,0.042528,0.661657,532.193548387097,-4.687508
2017-01-21,2017,1,21,387,0,0.860578,532.193548387097,-2.650932
2017-01-22,2017,1,22,388,0,0.367986,532.193548387097,-0.361144
2017-01-23,2017,1,23,389,0,0.893348,532.193548387097,-0.836007
2017-01-24,2017,1,24,390,0.043021,0.744135,532.193548387097,-5.82397
2017-01-25,2017,1,25,391,0.398446,0.447037,532.193548387097,-3.790296
2017-01-26,2017,1,26,392,0.606091,1.186316,532.193548387097,1.518039
2017-01-27,2017,1,27,393,0,1.536374,532.193548387097,3.755836
2017-01-28,2017,1,28,394,0.427512,0.671414,532.193548387097,2.495494
2017-01-29,2017,1,29,395,0,0.623845,532.193548387097,0.809697
2017-01-30,2017,1,30,396,3.054433,0.548759,532.193548387097,1.19391
2017-01-31,2017,1,31,397,0.785926,0.287903,532.193548387097,2.792543
2017-02-01,2017,2,1,398,0,0.726413,916.142857142857,4.887767
2017-02-02,2017,2,2,399,19.405142,1.216026,916.142857142857,6.086255
2017-02-03,2017,2,3,400,9.626286,0.681525,916.142857142857,1.357251
2017-02-04,2017,2,4,401,11.16588,0.911842,916.142857142857,0.322097
2017-02-05,2017,2,5,402,17.850387,0.469054,916.142857142857,-0.159192
2017-02-06,2017,2,6,403,2.506179,0.904068,916.142857142857,0.231656
2017-02-07,2017,2,7,404,2.009068,0.635946,916.142857142857,0.935018
2017-02-08,2017,2,8,405,5.486961,0.385625,916.142857142857,0.245965
2017-02-09,2017,2,9,406,5.940776,0.279688,916.142857142857,-0.859599
2017-02-10,2017,2,10,407,0.335605,0.76246,916.142857142857,-0.252238
2017-02-11,2017,2,11,408,0.616931,0.761209,916.142857142857,0.366673
2017-02-12,2017,2,12,409,0,1.621067,916.142857142857,4.854977
2017-02-13,2017,2,13,410,0.897459,1.49456,916.142857142857,6.303504
2017-02-14,2017,2,14,411,0,1.040592,916.142857142857,5.512964
2017-02-15,2017,2,15,412,0,0.728432,916.142857142857,4.095126
2017-02-16,2017,2,16,413,0,1.164059,916.142857142857,2.801571
2017-02-17,2017,2,17,414,0,1.478249,916.142857142857,3.178074
2017-02-18,2017,2,18,415,0,1.487382,916.142857142857,2.980796
2017-02-19,2017,2,19,416,0,1.728787,916.142857142857,1.753198
2017-02-20,2017,2,20,417,0,1.559637,916.142857142857,1.881834
2017-02-21,2017,2,21,418,0.05845,1.594217,916.142857142857,4.434207
2017-02-22,2017,2,22,419,0,2.009515,916.142857142857,5.414207
2017-02-23,2017,2,23,420,0.063706,2.083766,916.142857142857,6.13134
2017-02-24,2017,2,24,421,0.046667,1.274478,916.142857142857,1.726189
2017-02-25,2017,2,25,422,0,1.661683,916.142857142857,0.691007
2017-02-26,2017,2,26,423,0,1.966982,916.142857142857,3.989655
2017-02-27,2017,2,27,424,6.106321,1.665402,916.142857142857,4.366884
2017-02-28,2017,2,28,425,8.921046,0.647575,916.142857142857,1.910744
2017-03-01,2017,3,1,426,5.167443,0.712142,1355.25806451613,0.562889
2017-03-02,2017,3,2,427,0.065625,1.127339,1355.25806451613,2.87969
2017-03-03,2017,3,3,428,0.697359,2.026305,1355.25806451613,4.895036
2017-03-04,2017,3,4,429,15.76351,0.832963,1355.25806451613,1.66681
2017-03-05,2017,3,5,430,5.932029,0.566948,1355.25806451613,-0.118598
2017-03-06,2017,3,6,431,29.537134,0.993813,1355.25806451613,0.914801
2017-03-07,2017,3,7,432,3.793304,0.85016,1355.25806451613,-1.595131
2017-03-08,2017,3,8,433,0.095989,1.171739,1355.25806451613,2.199847
2017-03-09,2017,3,9,434,0,1.401457,1355.25806451613,5.893664
2017-03-10,2017,3,10,435,0,2.113076,1355.25806451613,6.30395
2017-03-11,2017,3,11,436,0,2.310863,1355.25806451613,6.608087
2017-03-12,2017,3,12,437,0,1.879156,1355.25806451613,6.230094
2017-03-13,2017,3,13,438,0,1.920339,1355.25806451613,5.920185
2017-03-14,2017,3,14,439,0,2.445717,1355.25806451613,5.962223
2017-03-15,2017,3,15,440,0,2.512715,1355.25806451613,6.753632
2017-03-16,2017,3,16,441,0,2.448172,1355.25806451613,8.316951
2017-03-17,2017,3,17,442,0,2.816498,1355.25806451613,7.684058
2017-03-18,2017,3,18,443,0.248842,1.591977,1355.25806451613,6.86351
2017-03-19,2017,3,19,444,0,2.021043,1355.25806451613,7.857124
2017-03-20,2017,3,20,445,0,2.223159,1355.25806451613,9.008262
2017-03-21,2017,3,21,446,0,2.09469,1355.25806451613,7.302556
2017-03-22,2017,3,22,447,5.504282,1.766761,1355.25806451613,6.358626
2017-03-23,2017,3,23,448,24.251131,1.378628,1355.25806451613,5.310183
2017-03-24,2017,3,24,449,5.843642,0.949545,1355.25806451613,5.97646
2017-03-25,2017,3,25,450,13.914984,1.080733,1355.25806451613,4.630832
2017-03-26,2017,3,26,451,0,2.167483,1355.25806451613,3.156502
2017-03-27,2017,3,27,452,0,2.312144,1355.25806451613,5.930307
2017-03-28,2017,3,28,453,0,2.329707,1355.25806451613,6.13842
2017-03-29,2017,3,29,454,0,2.823698,1355.25806451613,7.686292
2017-03-30,2017,3,30,455,0,3.020056,1355.25806451613,9.433733
2017-03-31,2017,3,31,456,0.04501,2.555606,1355.25806451613,9.650023
2017-04-01,2017,4,1,457,12.226981,0.976659,1628.7,4.040049
2017-04-02,2017,4,2,458,1.309162,0.868938,1628.7,3.410129
2017-04-03,2017,4,3,459,0,2.831273,1628.7,7.601621
2017-04-04,2017,4,4,460,0.004088,2.574683,1628.7,7.302156
2017-04-05,2017,4,5,461,0.560183,1.86887,1628.7,4.663749
2017-04-06,2017,4,6,462,0,2.750497,1628.7,5.495502
2017-04-07,2017,4,7,463,0,3.003533,1628.7,7.353039
2017-04-08,2017,4,8,464,0,3.518821,1628.7,9.648258
2017-04-09,2017,4,9,465,1.876277,3.015079,1628.7,8.495081
2017-04-10,2017,4,10,466,0.07064,3.336965,1628.7,10.102649
2017-04-11,2017,4,11,467,0,2.491822,1628.7,7.917979
2017-04-12,2017,4,12,468,0,3.391072,1628.7,9.061934
2017-04-13,2017,4,13,469,0,3.843813,1628.7,9.371585
2017-04-14,2017,4,14,470,0,3.982921,1628.7,9.433241
2017-04-15,2017,4,15,471,0.069059,3.024347,1628.7,8.174207
2017-04-16,2017,4,16,472,0,3.326668,1628.7,6.54585
2017-04-17,2017,4,17,473,0,3.648779,1628.7,6.182502
2017-04-18,2017,4,18,474,0,3.240786,1628.7,3.28627
2017-04-19,2017,4,19,475,0,2.903314,1628.7,0.057797
2017-04-20,2017,4,20,476,0,2.901264,1628.7,0.342165
2017-04-21,2017,4,21,477,0,3.58092,1628.7,3.708962
2017-04-22,2017,4,22,478,0,4.069313,1628.7,7.051046
2017-04-23,2017,4,23,479,0,3.83006,1628.7,7.642607
2017-04-24,2017,4,24,480,0.215247,3.474925,1628.7,7.981232
2017-04-25,2017,4,25,481,28.846684,2.357486,1628.7,6.809136
2017-04-26,2017,4,26,482,5.421509,1.488903,1628.7,3.97235
2017-04-27,2017,4,27,483,6.752887,1.173755,1628.7,-0.369437
2017-04-28,2017,4,28,484,0.349644,1.815909,1628.7,-0.366593
2017-04-29,2017,4,29,485,0,3.314407,1628.7,3.876545
2017-04-30,2017,4,30,486,25.131405,2.276164,1628.7,5.900856
2017-05-01,2017,5,1,487,1.085958,2.537347,1940.64516129032,2.180862
2017-05-02,2017,5,2,488,11.533271,1.315737,1940.64516129032,1.163431
2017-05-03,2017,5,3,489,1.589204,2.274541,1940.64516129032,3.239708
2017-05-04,2017,5,4,490,5.695342,1.692743,1940.64516129032,3.342917
2017-05-05,2017,5,5,491,0.373164,4.274578,1940.64516129032,7.967555
2017-05-06,2017,5,6,492,28.015175,1.453958,1940.64516129032,7.819252
2017-05-07,2017,5,7,493,0.74171,3.053587,1940.64516129032,6.548835
2017-05-08,2017,5,8,494,0.051819,3.432122,1940.64516129032,6.167004
2017-05-09,2017,5,9,495,0,3.879563,1940.64516129032,7.392435
2017-05-10,2017,5,10,496,4.077633,2.516786,1940.64516129032,8.383451
2017-05-11,2017,5,11,497,24.906497,2.411389,1940.64516129032,9.942323
2017-05-12,2017,5,12,498,17.38483,1.771961,1940.64516129032,7.651114
2017-05-13,2017,5,13,499,7.389884,2.738761,1940.64516129032,9.268264
2017-05-14,2017,5,14,500,0,4.007027,1940.64516129032,10.010101
2017-05-15,2017,5,15,501,0,5.030695,1940.64516129032,11.905527
2017-05-16,2017,5,16,502,0,4.990668,1940.64516129032,13.400436
2017-05-17,2017,5,17,503,0,5.308083,1940.64516129032,14.290278
2017-05-18,2017,5,18,504,15.681074,4.725699,1940.64516129032,13.973155
2017-05-19,2017,5,19,505,4.028459,2.554148,1940.64516129032,7.228317
2017-05-20,2017,5,20,506,0.002104,4.009896,1940.64516129032,7.035589
2017-05-21,2017,5,21,507,0,5.082709,1940.64516129032,10.409342
2017-05-22,2017,5,22,508,0,5.116436,1940.64516129032,12.725899
2017-05-23,2017,5,23,509,0,5.547303,1940.64516129032,14.39055
2017-05-24,2017,5,24,510,0,5.751391,1940.64516129032,15.19393
2017-05-25,2017,5,25,511,0,5.547442,1940.64516129032,15.365214
2017-05-26,2017,5,26,512,0,4.7449,1940.64516129032,15.63051
2017-05-27,2017,5,27,513,0.005468,5.506249,1940.64516129032,16.363639
2017-05-28,2017,5,28,514,0,5.892356,1940.64516129032,16.800911
2017-05-29,2017,5,29,515,0,5.911337,1940.64516129032,16.806312
2017-05-30,2017,5,30,516,0,6.117359,1940.64516129032,15.836021
2017-05-31,2017,5,31,517,0.599474,4.215369,1940.64516129032,13.890234
2017-06-01,2017,6,1,518,11.170166,3.963311,2304.83333333333,12.137134
2017-06-02,2017,6,2,519,1.552508,4.258462,2304.83333333333,13.168364
2017-06-03,2017,6,3,520,12.899748,3.599777,2304.83333333333,14.123224
2017-06-04,2017,6,4,521,0.040878,4.659191,2304.83333333333,12.550118
2017-06-05,2017,6,5,522,4.231549,2.412487,2304.83333333333,11.69745
2017-06-06,2017,6,6,523,1.802309,3.681062,2304.83333333333,10.635615
2017-06-07,2017,6,7,524,0,5.145536,2304.83333333333,9.092924
2017-06-08,2017,6,8,525,0,6.045341,2304.83333333333,14.01853
2017-06-09,2017,6,9,526,0,5.104036,2304.83333333333,14.780675
2017-06-10,2017,6,10,527,0,5.781763,2304.83333333333,16.048108
2017-06-11,2017,6,11,528,0,6.459671,2304.83333333333,18.978287
2017-06-12,2017,6,12,529,0,5.586002,2304.83333333333,19.838798
2017-06-13,2017,6,13,530,0.008778,5.80073,2304.83333333333,20.37962
2017-06-14,2017,6,14,531,1.561602,5.570011,2304.83333333333,18.827572
2017-06-15,2017,6,15,532,0,5.684903,2304.83333333333,18.932362
2017-06-16,2017,6,16,533,0,6.898176,2304.83333333333,18.265358
2017-06-17,2017,6,17,534,0,6.522309,2304.83333333333,16.199736
2017-06-18,2017,6,18,535,0,5.61971,2304.83333333333,18.744196
2017-06-19,2017,6,19,536,0,6.238635,2304.83333333333,18.784119
2017-06-20,2017,6,20,537,0,6.455929,2304.83333333333,19.42366
2017-06-21,2017,6,21,538,4.628398,5.485833,2304.83333333333,18.648409
2017-06-22,2017,6,22,539,0.30612,6.121349,2304.83333333333,19.61543
2017-06-23,2017,6,23,540,0.004088,6.203359,2304.83333333333,20.547749
2017-06-24,2017,6,24,541,6.964461,6.556915,2304.83333333333,20.708981
2017-06-25,2017,6,25,542,0,6.004665,2304.83333333333,17.396903
2017-06-26,2017,6,26,543,1.497454,4.206738,2304.83333333333,16.665873
2017-06-27,2017,6,27,544,17.780328,4.577004,2304.83333333333,18.011154
2017-06-28,2017,6,28,545,20.905012,3.302841,2304.83333333333,11.929521
2017-06-29,2017,6,29,546,3.240069,2.757471,2304.83333333333,9.750599
2017-06-30,2017,6,30,547,3.449561,3.654515,2304.83333333333,9.492123
2017-07-01,2017,7,1,548,1.020447,3.149312,2325.32258064516,9.935751
2017-07-02,2017,7,2,549,0.042692,4.451451,2325.32258064516,12.003576
2017-07-03,2017,7,3,550,0,5.522863,2325.32258064516,14.083901
2017-07-04,2017,7,4,551,0.004734,6.147822,2325.32258064516,17.001105
2017-07-05,2017,7,5,552,0,6.37674,2325.32258064516,18.014502
2017-07-06,2017,7,6,553,0,6.467368,2325.32258064516,18.95806
2017-07-07,2017,7,7,554,0,5.702693,2325.32258064516,21.002651
2017-07-08,2017,7,8,555,2.601967,6.455226,2325.32258064516,20.471699
2017-07-09,2017,7,9,556,2.361119,3.545579,2325.32258064516,17.832366
2017-07-10,2017,7,10,557,3.250693,4.803903,2325.32258064516,15.508509
2017-07-11,2017,7,11,558,8.120053,3.565661,2325.32258064516,14.924234
2017-07-12,2017,7,12,559,0,5.831804,2325.32258064516,16.975573
2017-07-13,2017,7,13,560,0,6.367045,2325.32258064516,17.054573
2017-07-14,2017,7,14,561,0,6.370449,2325.32258064516,16.126248
2017-07-15,2017,7,15,562,0,6.331757,2325.32258064516,15.197687
2017-07-16,2017,7,16,563,0,5.468385,2325.32258064516,16.319931
2017-07-17,2017,7,17,564,0,4.483037,2325.32258064516,17.451582
2017-07-18,2017,7,18,565,0.000725,5.299915,2325.32258064516,18.422132
2017-07-19,2017,7,19,566,3.780889,5.070555,2325.32258064516,19.025656
2017-07-20,2017,7,20,567,0.063056,4.589865,2325.32258064516,17.833849
2017-07-21,2017,7,21,568,12.593814,4.25964,2325.32258064516,15.499801
2017-07-22,2017,7,22,569,1.320523,4.653329,2325.32258064516,17.202125
2017-07-23,2017,7,23,570,0.981753,5.354933,2325.32258064516,17.340068
2017-07-24,2017,7,24,571,2.183258,3.936384,2325.32258064516,12.932994
2017-07-25,2017,7,25,572,1.662788,3.43058,2325.32258064516,11.793035
2017-07-26,2017,7,26,573,0,5.56906,2325.32258064516,13.027871
2017-07-27,2017,7,27,574,0,4.719571,2325.32258064516,16.576091
2017-07-28,2017,7,28,575,0,5.75507,2325.32258064516,17.30105
2017-07-29,2017,7,29,576,0.632824,4.889864,2325.32258064516,18.380396
2017-07-30,2017,7,30,577,0.005441,5.310273,2325.32258064516,20.30855
2017-07-31,2017,7,31,578,0,7.976611,2325.32258064516,23.09949
2017-08-01,2017,8,1,579,0.014947,9.032513,1980.87096774194,24.109886
2017-08-02,2017,8,2,580,0,6.78822,1980.87096774194,23.583691
2017-08-03,2017,8,3,581,0,5.891799,1980.87096774194,23.515233
2017-08-04,2017,8,4,582,0,5.372978,1980.87096774194,21.946062
2017-08-05,2017,8,5,583,0.707924,6.487186,1980.87096774194,21.269003
2017-08-06,2017,8,6,584,1.260006,4.61027,1980.87096774194,16.697469
2017-08-07,2017,8,7,585,4.872482,6.050516,1980.87096774194,18.813691
2017-08-08,2017,8,8,586,40.036785,2.549238,1980.87096774194,15.247117
2017-08-09,2017,8,9,587,1.880144,4.617969,1980.87096774194,14.071723
2017-08-10,2017,8,10,588,1.895909,4.035031,1980.87096774194,10.494319
2017-08-11,2017,8,11,589,2.142344,2.819919,1980.87096774194,8.845416
2017-08-12,2017,8,12,590,0,5.120249,1980.87096774194,12.113798
2017-08-13,2017,8,13,591,0,3.571971,1980.87096774194,14.301732
2017-08-14,2017,8,14,592,0,4.3128,1980.87096774194,16.86129
2017-08-15,2017,8,15,593,0.05811,4.459793,1980.87096774194,18.477231
2017-08-16,2017,8,16,594,1.117581,4.209844,1980.87096774194,16.714913
2017-08-17,2017,8,17,595,0,5.324195,1980.87096774194,17.718079
2017-08-18,2017,8,18,596,0.241583,4.935435,1980.87096774194,18.717285
2017-08-19,2017,8,19,597,0,5.171517,1980.87096774194,14.280062
2017-08-20,2017,8,20,598,0,5.150426,1980.87096774194,11.757723
2017-08-21,2017,8,21,599,0,5.299849,1980.87096774194,13.827637
2017-08-22,2017,8,22,600,0,5.373903,1980.87096774194,16.52648
2017-08-23,2017,8,23,601,2.038107,3.984212,1980.87096774194,18.980397
2017-08-24,2017,8,24,602,7.359728,2.972382,1980.87096774194,16.65509
2017-08-25,2017,8,25,603,0.569593,5.086409,1980.87096774194,17.958441
2017-08-26,2017,8,26,604,0.006541,5.221408,1980.87096774194,18.96885
2017-08-27,2017,8,27,605,0,4.832746,1980.87096774194,19.788195
2017-08-28,2017,8,28,606,0,4.182637,1980.87096774194,19.877827
2017-08-29,2017,8,29,607,0,5.035941,1980.87096774194,19.856551
2017-08-30,2017,8,30,608,0.433285,4.060397,1980.87096774194,19.39576
2017-08-31,2017,8,31,609,24.372655,1.499462,1980.87096774194,14.124145
2017-09-01,2017,9,1,610,0.275196,3.436753,1490,10.1521
2017-09-02,2017,9,2,611,1.971149,2.413025,1490,8.54741
2017-09-03,2017,9,3,612,0,3.474268,1490,8.971196
2017-09-04,2017,9,4,613,0,2.824334,1490,12.466909
2017-09-05,2017,9,5,614,0,4.551112,1490,14.510653
2017-09-06,2017,9,6,615,0,4.298974,1490,13.647651
2017-09-07,2017,9,7,616,0,3.813653,1490,10.456115
2017-09-08,2017,9,8,617,0,4.012353,1490,12.711192
2017-09-09,2017,9,9,618,16.141879,1.055884,1490,8.884437
2017-09-10,2017,9,10,619,0.03238,2.940687,1490,8.146648
2017-09-11,2017,9,11,620,0.277286,3.560403,1490,9.953942
2017-09-12,2017,9,12,621,0.149971,3.099546,1490,8.111652
2017-09-13,2017,9,13,622,0,3.199709,1490,11.179899
2017-09-14,2017,9,14,623,6.669264,1.504718,1490,8.555629
2017-09-15,2017,9,15,624,0,2.406736,1490,3.798097
2017-09-16,2017,9,16,625,0.091864,2.261343,1490,4.844059
2017-09-17,2017,9,17,626,1.087561,1.617853,1490,5.184667
2017-09-18,2017,9,18,627,0.04471,2.118027,1490,5.916639
2017-09-19,2017,9,19,628,2.267494,1.951611,1490,5.213414
2017-09-20,2017,9,20,629,0,2.720123,1490,5.838576
2017-09-21,2017,9,21,630,0,3.296021,1490,8.085952
2017-09-22,2017,9,22,631,0,2.943015,1490,9.598754
2017-09-23,2017,9,23,632,0,2.423941,1490,9.677748
2017-09-24,2017,9,24,633,0,3.059253,1490,10.478544
2017-09-25,2017,9,25,634,0.366683,2.353799,1490,10.333121
2017-09-26,2017,9,26,635,0.163047,1.39581,1490,9.790179
2017-09-27,2017,9,27,636,0,2.180802,1490,11.176878
2017-09-28,2017,9,28,637,0,2.915036,1490,10.444071
2017-09-29,2017,9,29,638,0,2.346658,1490,11.257547
2017-09-30,2017,9,30,639,5.930017,1.576882,1490,9.822123
2017-10-01,2017,10,1,640,0.015467,1.604769,969.903225806452,9.209274
2017-10-02,2017,10,2,641,0.308603,1.45899,969.903225806452,11.32791
2017-10-03,2017,10,3,642,1.088497,1.639285,969.903225806452,11.270866
2017-10-04,2017,10,4,643,0,2.46303,969.903225806452,10.025243
2017-10-05,2017,10,5,644,0.184818,3.562363,969.903225806452,10.930417
2017-10-06,2017,10,6,645,0.368173,2.680625,969.903225806452,7.511394
2017-10-07,2017,10,7,646,0,2.327943,969.903225806452,5.06107
2017-10-08,2017,10,8,647,0,2.403898,969.903225806452,7.720554
2017-10-09,2017,10,9,648,0,2.207921,969.903225806452,6.910888
2017-10-10,2017,10,10,649,0,2.202799,969.903225806452,7.392123
2017-10-11,2017,10,11,650,0,2.348596,969.903225806452,9.420384
2017-10-12,2017,10,12,651,0,2.62226,969.903225806452,9.852864
2017-10-13,2017,10,13,652,0,2.521034,969.903225806452,10.32923
2017-10-14,2017,10,14,653,0,2.599221,969.903225806452,12.011514
2017-10-15,2017,10,15,654,0,2.548922,969.903225806452,11.531383
2017-10-16,2017,10,16,655,0,2.624193,969.903225806452,11.998309
2017-10-17,2017,10,17,656,0,2.877091,969.903225806452,12.824744
2017-10-18,2017,10,18,657,0,2.68974,969.903225806452,12.388636
2017-10-19,2017,10,19,658,0,2.573427,969.903225806452,12.786818
2017-10-20,2017,10,20,659,0,1.185186,969.903225806452,10.459277
2017-10-21,2017,10,21,660,4.482848,2.053485,969.903225806452,10.850364
2017-10-22,2017,10,22,661,2.805933,1.495299,969.903225806452,4.579498
2017-10-23,2017,10,23,662,0.035684,1.813674,969.903225806452,4.574516
2017-10-24,2017,10,24,663,0.085653,1.915547,969.903225806452,6.075333
2017-10-25,2017,10,25,664,0,1.939525,969.903225806452,9.549617
2017-10-26,2017,10,26,665,0,2.126454,969.903225806452,11.009418
2017-10-27,2017,10,27,666,0,2.533706,969.903225806452,9.316857
2017-10-28,2017,10,28,667,0,1.868625,969.903225806452,5.341469
2017-10-29,2017,10,29,668,0.109582,2.076941,969.903225806452,5.740938
2017-10-30,2017,10,30,669,0,1.473497,969.903225806452,4.273495
2017-10-31,2017,10,31,670,0,1.430227,969.903225806452,3.553054
2017-11-01,2017,11,1,671,0,1.509131,599.066666666667,4.711286
2017-11-02,2017,11,2,672,0,1.455887,599.066666666667,5.08597
2017-11-03,2017,11,3,673,0.000798,1.585405,599.066666666667,6.888831
2017-11-04,2017,11,4,674,33.581077,0.891894,599.066666666667,9.450998
2017-11-05,2017,11,5,675,11.270013,0.813986,599.066666666667,3.039614
2017-11-06,2017,11,6,676,0.751372,0.793616,599.066666666667,-0.298934
2017-11-07,2017,11,7,677,0.190394,0.899113,599.066666666667,-0.00773
2017-11-08,2017,11,8,678,0.501598,0.579995,599.066666666667,-0.128397
2017-11-09,2017,11,9,679,0.376556,0.794111,599.066666666667,-0.283263
2017-11-10,2017,11,10,680,0.749549,0.738448,599.066666666667,0.734262
2017-11-11,2017,11,11,681,1.897485,1.020386,599.066666666667,4.329877
2017-11-12,2017,11,12,682,13.986903,1.269153,599.066666666667,4.798955
2017-11-13,2017,11,13,683,5.708086,0.868778,599.066666666667,-1.61966
2017-11-14,2017,11,14,684,0,1.049637,599.066666666667,-1.896138
2017-11-15,2017,11,15,685,0.107337,0.991249,599.066666666667,-0.873919
2017-11-16,2017,11,16,686,0,1.215106,599.066666666667,0.901739
2017-11-17,2017,11,17,687,0,0.948864,599.066666666667,-0.388541
2017-11-18,2017,11,18,688,0,0.837472,599.066666666667,-1.093168
2017-11-19,2017,11,19,689,0,1.21758,599.066666666667,1.177341
2017-11-20,2017,11,20,690,0,1.381827,599.066666666667,1.581257
2017-11-21,2017,11,21,691,0,1.312997,599.066666666667,3.665893
2017-11-22,2017,11,22,692,0,1.329704,599.066666666667,4.427301
2017-11-23,2017,11,23,693,0,1.058706,599.066666666667,3.568231
2017-11-24,2017,11,24,694,0.221738,0.498272,599.066666666667,4.42616
2017-11-25,2017,11,25,695,11.840386,0.639662,599.066666666667,3.256251
2017-11-26,2017,11,26,696,0,1.090814,599.066666666667,-2.628892
2017-11-27,2017,11,27,697,0,0.906835,599.066666666667,-3.54018
2017-11-28,2017,11,28,698,0.753683,0.512941,599.066666666667,-1.39419
2017-11-29,2017,11,29,699,0.854034,0.727603,599.066666666667,-1.901001
2017-11-30,2017,11,30,700,1.916475,0.682067,599.066666666667,-3.949142
2017-12-01,2017,12,1,701,4.332815,0.30939,388.806451612903,-5.559435
2017-12-02,2017,12,2,702,0.004088,0.292622,388.806451612903,-5.191221
2017-12-03,2017,12,3,703,0,0.611393,388.806451612903,-6.122408
2017-12-04,2017,12,4,704,0.007144,0.782726,388.806451612903,-4.435848
2017-12-05,2017,12,5,705,0,0.737067,388.806451612903,-3.466579
2017-12-06,2017,12,6,706,0,0.742972,388.806451612903,-2.250737
2017-12-07,2017,12,7,707,10.194777,0.786435,388.806451612903,-0.854918
2017-12-08,2017,12,8,708,6.532212,0.623642,388.806451612903,-1.079869
2017-12-09,2017,12,9,709,1.504034,0.594563,388.806451612903,-7.048775
2017-12-10,2017,12,10,710,48.869695,0.341079,388.806451612903,-1.59948
2017-12-11,2017,12,11,711,56.379762,0.455552,388.806451612903,3.708618
2017-12-12,2017,12,12,712,0.569466,0.403219,388.806451612903,-1.364866
2017-12-13,2017,12,13,713,7.239982,0.511771,388.806451612903,-2.553229
2017-12-14,2017,12,14,714,8.254385,0.543736,388.806451612903,1.387075
2017-12-15,2017,12,15,715,6.688381,0.398264,388.806451612903,-1.510231
2017-12-16,2017,12,16,716,1.658698,0.617193,388.806451612903,-3.834069
2017-12-17,2017,12,17,717,0.469466,0.69628,388.806451612903,-4.658206
2017-12-18,2017,12,18,718,3.686735,0.405759,388.806451612903,-3.764958
2017-12-19,2017,12,19,719,0.151241,0.457528,388.806451612903,-4.030542
2017-12-20,2017,12,20,720,0.153833,0.433429,388.806451612903,-3.035055
2017-12-21,2017,12,21,721,0,0.718562,388.806451612903,-1.33494
2017-12-22,2017,12,22,722,0.261529,0.622249,388.806451612903,0.811262
2017-12-23,2017,12,23,723,0,0.693741,388.806451612903,-0.165229
2017-12-24,2017,12,24,724,0,0.703295,388.806451612903,1.541936
2017-12-25,2017,12,25,725,2.453513,1.008952,388.806451612903,3.470853
2017-12-26,2017,12,26,726,11.775481,0.527432,388.806451612903,1.452456
2017-12-27,2017,12,27,727,14.569776,0.368301,388.806451612903,-1.186618
2017-12-28,2017,12,28,728,0.139231,0.756257,388.806451612903,-5.441687
2017-12-29,2017,12,29,729,24.1137,0.252838,388.806451612903,-4.001752
2017-12-30,2017,12,30,730,11.244939,0.354917,388.806451612903,1.262059
2017-12-31,2017,12,31,731,6.0952,0.794201,388.806451612903,3.194238
